Id,Position,First Name,Last Name,FPPG,Played,Salary,Game,Team,Opponent,Injury Indicator,Injury Details,ForceDontUse,ForceUse,Picks
21939,QB,Andrew,Luck,23,16,9200,IND@BUF,IND,BUF,,,0,0,
6894,QB,Aaron,Rodgers,22.3,16,9700,GB@CHI,GB,CHI,,,0,0,
22015,QB,Russell,Wilson,20.9,16,8800,SEA@STL,SEA,STL,,,0,0,
31360,WR,Odell,Beckham Jr.,20.8,12,8900,NYG@DAL,NYG,DAL,,,0,0,
6661,QB,Peyton,Manning,20.2,16,9100,BAL@DEN,DEN,BAL,,,0,0,
14254,RB,DeMarco,Murray,20.2,16,8500,PHI@ATL,PHI,ATL,,,0,0,
6504,QB,Drew,Brees,20,16,8900,NO@ARI,NO,ARI,,,0,0,
10777,RB,Arian,Foster,19.6,13,9000,KC@HOU,HOU,KC,O,Groin,0,0,
6616,QB,Matt,Ryan,18.5,16,8800,PHI@ATL,ATL,PHI,,,0,0,
6899,RB,Matt,Forte,18.5,16,8800,GB@CHI,CHI,GB,,,0,0,
14185,QB,Cam,Newton,18.5,14,8400,CAR@JAC,CAR,JAC,,,0,0,
6639,QB,Tony,Romo,18.4,15,8700,NYG@DAL,DAL,NYG,,,0,0,
21948,QB,Ryan,Tannehill,18.2,16,8000,MIA@WAS,MIA,WAS,,,0,0,
11432,WR,Demaryius,Thomas,17.8,16,8800,BAL@DEN,DEN,BAL,,,0,0,
6748,QB,Carson,Palmer,17.8,6,7700,NO@ARI,ARI,NO,,,0,0,
9371,RB,Marshawn,Lynch,17.7,16,8600,SEA@STL,SEA,STL,,,0,0,
6826,QB,Eli,Manning,17.7,16,8300,NYG@DAL,NYG,DAL,,,0,0,
7968,QB,Philip,Rivers,17.7,16,8100,DET@SD,SD,DET,P,Hand,0,0,
6898,QB,Jay,Cutler,17.7,15,7900,GB@CHI,CHI,GB,,,0,0,
6893,WR,Jordy,Nelson,17.4,16,8600,GB@CHI,GB,CHI,IR,Knee,0,0,
6714,QB,Joe,Flacco,17.2,16,8200,BAL@DEN,BAL,DEN,,,0,0,
11435,WR,Dez,Bryant,17,16,8700,NYG@DAL,DAL,NYG,P,Hamstring,0,0,
6687,QB,Mark,Sanchez,16.7,9,6600,PHI@ATL,PHI,ATL,,,0,0,
14190,WR,Julio,Jones,16.4,15,9000,PHI@ATL,ATL,PHI,,,0,0,
14231,QB,Colin,Kaepernick,16.3,16,7900,MIN@SF,SF,MIN,,,0,0,
6654,QB,Matthew,Stafford,16.3,16,7800,DET@SD,DET,SD,,,0,0,
22027,QB,Nick,Foles,16.2,8,6400,SEA@STL,STL,SEA,,,0,0,
22038,QB,Kirk,Cousins,16.2,6,6000,MIA@WAS,WAS,MIA,,,0,0,
25410,QB,Mike,Glennon,15.9,6,5300,TEN@TB,TB,TEN,,,0,0,
30968,RB,Eddie,Lacy,15.7,16,8500,GB@CHI,GB,CHI,,,0,0,
11505,WR,Emmanuel,Sanders,15.7,16,8200,BAL@DEN,DEN,BAL,P,Hamstring,0,0,
7659,QB,Ryan,Fitzpatrick,15.6,12,6800,CLE@NYJ,NYJ,CLE,,,0,0,
14257,WR,Randall,Cobb,15.5,16,8400,GB@CHI,GB,CHI,Q,Shoulder,0,0,
6728,RB,Jamaal,Charles,15.4,15,8900,KC@HOU,KC,HOU,,,0,0,
8005,QB,Alex,Smith,15.1,15,6600,KC@HOU,KC,HOU,,,0,0,
14225,QB,Andy,Dalton,15,16,7100,CIN@OAK,CIN,OAK,P,Neck,0,0,
6655,WR,Calvin,Johnson,14.7,13,8500,DET@SD,DET,SD,,,0,0,
7283,WR,Jeremy,Maclin,14.6,16,7600,KC@HOU,KC,HOU,,,0,0,
22031,WR,T.Y.,Hilton,14.5,15,7800,IND@BUF,IND,BUF,Q,Concussion,0,0,
33259,QB,Teddy,Bridgewater,14.4,13,7200,MIN@SF,MIN,SF,,,0,0,
32384,WR,Mike,Evans,14.1,15,8300,TEN@TB,TB,TEN,Q,Hamstring,0,0,
6857,RB,Justin,Forsett,14.1,16,7800,BAL@DEN,BAL,DEN,,,0,0,
21980,WR,Alshon,Jeffery,13.7,16,8400,GB@CHI,CHI,GB,Q,Calf,0,0,
14211,RB,Mark,Ingram,13.6,13,7800,NO@ARI,NO,ARI,,,0,0,
11500,QB,Colt,McCoy,13.2,5,5000,MIA@WAS,WAS,MIA,,,0,0,
14187,WR,A.J.,Green,13.1,13,8300,CIN@OAK,CIN,OAK,,,0,0,
11485,WR,Golden,Tate,13.1,16,7100,DET@SD,DET,SD,,,0,0,
34308,QB,Blake,Bortles,13.1,14,6400,CAR@JAC,JAC,CAR,,,0,0,
29249,RB,C.J.,Anderson,13,15,8400,BAL@DEN,DEN,BAL,,,0,0,
6427,K,Connor,Barth,13,5,5100,TEN@TB,TB,TEN,,,0,0,
24682,RB,Andre,Ellington,12.9,12,7900,NO@ARI,ARI,NO,,,0,0,
22037,RB,Lamar,Miller,12.8,16,7300,MIA@WAS,MIA,WAS,,,0,0,
25290,RB,Giovani,Bernard,12.8,13,7200,CIN@OAK,CIN,OAK,,,0,0,
6803,QB,Josh,McCown,12.8,11,6300,CLE@NYJ,CLE,NYJ,,,0,0,
45859,QB,Derek,Carr,12.7,16,6300,CIN@OAK,OAK,CIN,,,0,0,
7970,QB,Charlie,Whitehurst,12.7,7,5000,TEN@TB,TEN,TB,,,0,0,
22994,QB,Case,Keenum,12.4,2,5000,SEA@STL,STL,SEA,,,0,0,
31397,RB,Jeremy,Hill,12.3,16,8600,CIN@OAK,CIN,OAK,,,0,0,
6618,WR,Roddy,White,12.3,14,7600,PHI@ATL,ATL,PHI,Q,Elbow,0,0,
24949,QB,E.J.,Manuel,12.3,5,6400,IND@BUF,BUF,IND,,,0,0,
16606,WR,DeAndre,Hopkins,12.1,16,7800,KC@HOU,HOU,KC,,,0,0,
6739,WR,DeSean,Jackson,12.1,15,7100,MIA@WAS,WAS,MIA,P,Shoulder,0,0,
7872,QB,Brian,Hoyer,12.1,14,6500,KC@HOU,HOU,KC,,,0,0,
11712,RB,Joique,Bell,12.1,15,6500,DET@SD,DET,SD,Q,Knee,0,0,
24929,WR,Kelvin,Benjamin,11.8,16,7500,CAR@JAC,CAR,JAC,IR,Knee,0,0,
11512,TE,Jimmy,Graham,11.7,16,6900,SEA@STL,SEA,STL,,,0,0,
26483,QB,Geno,Smith,11.7,14,6800,CLE@NYJ,NYJ,CLE,O,Jaw,0,0,
22848,QB,Austin,Davis,11.7,10,5600,SEA@STL,STL,SEA,,,0,0,
6779,RB,LeSean,McCoy,11.6,16,8400,IND@BUF,BUF,IND,Q,Hamstring,0,0,
22003,RB,Ronnie,Hillman,11.5,8,5400,BAL@DEN,DEN,BAL,,,0,0,
14757,RB,Matt,Asiata,11.5,15,5100,MIN@SF,MIN,SF,,,0,0,
6759,WR,Brandon,Marshall,11.4,13,7400,CLE@NYJ,NYJ,CLE,,,0,0,
29501,WR,Brandin,Cooks,11.3,10,7400,NO@ARI,NO,ARI,,,0,0,
6735,WR,Steve,Smith,11.3,16,6700,BAL@DEN,BAL,DEN,,,0,0,
22113,RB,Alfred,Morris,11.2,16,7400,MIA@WAS,WAS,MIA,,,0,0,
8052,RB,Rashad,Jennings,11.2,11,6600,NYG@DAL,NYG,DAL,,,0,0,
6607,WR,Mike,Wallace,11.2,16,6400,MIN@SF,MIN,SF,,,0,0,
6914,TE,Greg,Olsen,11.2,16,5900,CAR@JAC,CAR,JAC,,,0,0,
6479,WR,Anquan,Boldin,11.1,16,6600,MIN@SF,SF,MIN,,,0,0,
7660,RB,Fred,Jackson,11.1,14,6200,IND@BUF,BUF,IND,,,0,0,
31421,QB,Zach,Mettenberger,11.1,7,5800,TEN@TB,TEN,TB,,,0,0,
6448,TE,Martellus,Bennett,11,16,6200,GB@CHI,CHI,GB,,,0,0,
14317,TE,Julius,Thomas,11,13,5600,CAR@JAC,JAC,CAR,O,Finger,0,0,
11501,WR,Eric,Decker,10.9,15,6000,CLE@NYJ,NYJ,CLE,,,0,0,
7744,QB,Drew,Stanton,10.9,9,5400,NO@ARI,ARI,NO,,,0,0,
6844,QB,Shaun,Hill,10.8,9,5300,MIN@SF,MIN,SF,,,0,0,
31261,RB,Tre,Mason,10.6,12,7300,SEA@STL,STL,SEA,Q,Hamstring,0,0,
30837,WR,Jordan,Matthews,10.5,16,6800,PHI@ATL,PHI,ATL,,,0,0,
14288,WR,Torrey,Smith,10.5,16,6100,MIN@SF,SF,MIN,P,Knee,0,0,
21941,QB,Robert,Griffin III,10.4,9,7300,MIA@WAS,WAS,MIA,Q,Concussion,0,0,
7844,QB,Chad,Henne,10.4,3,6100,CAR@JAC,JAC,CAR,,,0,0,
11425,RB,Ryan,Mathews,10.4,6,5900,PHI@ATL,PHI,ATL,,,0,0,
6703,RB,Adrian,Peterson,10.3,1,9200,MIN@SF,MIN,SF,,,0,0,
24641,WR,Sammy,Watkins,10.3,16,7600,IND@BUF,BUF,IND,,,0,0,
6733,RB,Jonathan,Stewart,10.3,13,7100,CAR@JAC,CAR,JAC,,,0,0,
31280,K,Cody,Parkey,10.1,16,5000,PHI@ATL,PHI,ATL,P,Leg,0,0,
21957,WR,Kendall,Wright,10,14,5800,TEN@TB,TEN,TB,,,0,0,
6681,WR,Andre,Johnson,9.9,15,6900,IND@BUF,IND,BUF,,,0,0,
29253,WR,Keenan,Allen,9.8,14,7900,DET@SD,SD,DET,,,0,0,
21972,WR,Brian,Quick,9.7,7,5400,SEA@STL,STL,SEA,P,Shoulder,0,0,
6840,RB,Frank,Gore,9.6,16,7500,IND@BUF,IND,BUF,,,0,0,
6863,TE,Delanie,Walker,9.6,15,5400,TEN@TB,TEN,TB,,,0,0,
6668,K,Adam,Vinatieri,9.6,16,5000,IND@BUF,IND,BUF,,,0,0,
27457,WR,Kenny,Stills,9.5,15,5400,MIA@WAS,MIA,WAS,,,0,0,
22018,WR,Mohamed,Sanu,9.5,16,5200,CIN@OAK,CIN,OAK,,,0,0,
6810,K,Dan,Carpenter,9.5,16,4800,IND@BUF,BUF,IND,,,0,0,
33076,TE,Travis,Kelce,9.4,16,6000,KC@HOU,KC,HOU,P,Leg,0,0,
21971,TE,Coby,Fleener,9.4,16,5100,IND@BUF,IND,BUF,,,0,0,
6768,WR,Eddie,Royal,9.4,16,5000,GB@CHI,CHI,GB,P,Hip,0,0,
28643,WR,Allen,Robinson,9.3,10,6100,CAR@JAC,JAC,CAR,,,0,0,
14952,K,Dan,Bailey,9.3,16,5000,NYG@DAL,DAL,NYG,,,0,0,
10647,K,Matt,Bryant,9.3,16,5000,PHI@ATL,ATL,PHI,,,0,0,
7952,WR,Malcom,Floyd,9.2,16,5900,DET@SD,SD,DET,,,0,0,
7972,RB,Darren,Sproles,9.2,15,5800,PHI@ATL,PHI,ATL,,,0,0,
6645,WR,Marques,Colston,9.2,16,5500,NO@ARI,NO,ARI,,,0,0,
21999,WR,Rueben,Randle,9.2,16,5300,NYG@DAL,NYG,DAL,,,0,0,
6897,K,Mason,Crosby,9.2,16,5100,GB@CHI,GB,CHI,,,0,0,
6724,K,Steven,Hauschka,9.2,16,5100,SEA@STL,SEA,STL,,,0,0,
7953,WR,Vincent,Jackson,9.1,16,7200,TEN@TB,TB,TEN,,,0,0,
47640,RB,Branden,Oliver,9.1,14,5600,DET@SD,SD,DET,,,0,0,
22100,K,Randy,Bullock,9.1,16,4800,KC@HOU,HOU,KC,,,0,0,
11864,RB,Christopher,Ivory,9,16,6400,CLE@NYJ,NYJ,CLE,,,0,0,
7778,QB,Matt,Cassel,8.9,3,6600,IND@BUF,BUF,IND,,,0,0,
21952,WR,Michael,Floyd,8.9,16,6100,NO@ARI,ARI,NO,Q,Finger,0,0,
23045,K,Justin,Tucker,8.8,16,5200,BAL@DEN,BAL,DEN,,,0,0,
30261,K,Caleb,Sturgis,8.8,16,4700,MIA@WAS,MIA,WAS,,,0,0,
31394,WR,Jarvis,Landry,8.7,16,6900,MIA@WAS,MIA,WAS,,,0,0,
14245,RB,Shane,Vereen,8.7,16,6500,NYG@DAL,NYG,DAL,,,0,0,
6896,WR,Greg,Jennings,8.7,16,4900,MIA@WAS,MIA,WAS,P,Elbow,0,0,
6782,K,Matt,Prater,8.7,11,4700,DET@SD,DET,SD,,,0,0,
6883,WR,Larry,Fitzgerald,8.6,14,6000,NO@ARI,ARI,NO,,,0,0,
7222,WR,James,Jones,8.6,16,4500,NYG@DAL,NYG,DAL,,,0,0,
11999,WR,Victor,Cruz,8.5,6,6300,NYG@DAL,NYG,DAL,Q,Calf,0,0,
25694,RB,Andre,Williams,8.5,16,5500,NYG@DAL,NYG,DAL,,,0,0,
12903,WR,Andrew,Hawkins,8.5,15,4700,CLE@NYJ,CLE,NYJ,,,0,0,
14626,WR,Doug,Baldwin,8.4,16,6100,SEA@STL,SEA,STL,,,0,0,
6373,QB,Derek,Anderson,8.4,6,5400,CAR@JAC,CAR,JAC,,,0,0,
6642,K,Nick,Folk,8.4,16,4600,CLE@NYJ,NYJ,CLE,,,0,0,
6641,TE,Jason,Witten,8.3,16,5800,NYG@DAL,DAL,NYG,,,0,0,
14268,RB,Stevan,Ridley,8.3,6,5600,CLE@NYJ,NYJ,CLE,NA,Knee,0,0,
29685,WR,Robert,Woods,8.3,16,5400,IND@BUF,BUF,IND,P,Hip,0,0,
10744,K,Graham,Gano,8.3,16,4600,CAR@JAC,CAR,JAC,,,0,0,
25760,WR,Allen,Hurns,8.1,16,4600,CAR@JAC,JAC,CAR,P,Hip,0,0,
6704,WR,Percy,Harvin,8,13,5600,IND@BUF,BUF,IND,P,Hip,0,0,
9392,WR,Michael,Crabtree,8,16,5600,CIN@OAK,OAK,CIN,,,0,0,
6774,WR,Pierre,Garcon,8,16,5500,MIA@WAS,WAS,MIA,,,0,0,
31836,WR,Terrance,Williams,8,16,5300,NYG@DAL,DAL,NYG,,,0,0,
24569,K,Chandler,Catanzaro,8,16,4700,NO@ARI,ARI,NO,,,0,0,
6522,K,Josh,Brown,8,16,4500,NYG@DAL,NYG,DAL,Q,Leg,0,0,
28088,RB,Denard,Robinson,7.9,13,5800,CAR@JAC,JAC,CAR,,,0,0,
6643,RB,Reggie,Bush,7.9,11,5500,MIN@SF,SF,MIN,,,0,0,
6636,K,Mike,Nugent,7.9,16,4800,CIN@OAK,CIN,OAK,,,0,0,
10030,WR,Harry,Douglas,7.9,12,4600,TEN@TB,TEN,TB,,,0,0,
22004,TE,Dwayne,Allen,7.8,13,5400,IND@BUF,IND,BUF,,,0,0,
6702,K,Phil,Dawson,7.8,16,5000,MIN@SF,SF,MIN,,,0,0,
22110,K,Blair,Walsh,7.8,16,4700,MIN@SF,MIN,SF,,,0,0,
54606,WR,John,Brown,7.7,16,6000,NO@ARI,ARI,NO,,,0,0,
54607,RB,Terrance,West,7.7,14,5500,TEN@TB,TEN,TB,,,0,0,
6387,WR,Miles,Austin,7.7,12,5000,PHI@ATL,PHI,ATL,,,0,0,
14362,TE,Charles,Clay,7.7,14,5000,IND@BUF,BUF,IND,,,0,0,
14305,RB,Roy,Helu,7.6,14,5600,CIN@OAK,OAK,CIN,,,0,0,
21123,TE,Larry,Donnell,7.6,16,5300,NYG@DAL,NYG,DAL,,,0,0,
33714,K,Cairo,Santos,7.6,16,4800,KC@HOU,KC,HOU,,,0,0,
28677,QB,Matt,McGloin,7.5,1,5300,CIN@OAK,OAK,CIN,,,0,0,
54684,RB,Isaiah,Crowell,7.4,16,6100,CLE@NYJ,CLE,NYJ,,,0,0,
6535,WR,Kenny,Britt,7.4,16,5400,SEA@STL,STL,SEA,,,0,0,
22109,K,Greg,Zuerlein,7.4,16,4800,SEA@STL,STL,SEA,,,0,0,
14267,QB,Ryan,Mallett,7.3,3,6500,KC@HOU,HOU,KC,,,0,0,
54608,RB,Jerick,McKinnon,7.3,11,5700,MIN@SF,MIN,SF,,,0,0,
14761,WR,Andre,Holmes,7.3,16,5200,CIN@OAK,OAK,CIN,Q,Hand,0,0,
12090,K,Nick,Novak,7.3,16,4700,DET@SD,SD,DET,,,0,0,
29780,TE,Zach,Ertz,7.2,16,5400,PHI@ATL,PHI,ATL,Q,Groin,0,0,
31073,RB,Knile,Davis,7.1,16,6000,KC@HOU,KC,HOU,,,0,0,
6488,WR,Dwayne,Bowe,7.1,15,5400,CLE@NYJ,CLE,NYJ,P,Hamstring,0,0,
10046,RB,Antone,Smith,7.1,10,4800,PHI@ATL,ATL,PHI,,,0,0,
14307,WR,Cecil,Shorts,7,13,5400,KC@HOU,HOU,KC,,,0,0,
21940,RB,Trent,Richardson,7,15,5200,CIN@OAK,OAK,CIN,,,0,0,
11419,RB,C.J.,Spiller,6.9,9,6300,NO@ARI,NO,ARI,Q,Knee,0,0,
15176,K,Kai,Forbath,6.9,16,4600,MIA@WAS,WAS,MIA,P,Quadriceps,0,0,
21970,RB,Doug,Martin,6.8,11,6900,TEN@TB,TB,TEN,,,0,0,
11532,TE,Dennis,Pitta,6.8,3,5100,BAL@DEN,BAL,DEN,NA,Hip,0,0,
30775,WR,Justin,Hunter,6.8,12,4700,TEN@TB,TEN,TB,,,0,0,
6815,K,Shayne,Graham,6.8,16,4500,NO@ARI,NO,ARI,,,0,0,
6682,TE,Owen,Daniels,6.7,15,5500,BAL@DEN,DEN,BAL,,,0,0,
14198,QB,Christian,Ponder,6.7,2,5400,CIN@OAK,OAK,CIN,,,0,0,
7761,TE,Jared,Cook,6.7,16,5200,SEA@STL,STL,SEA,,,0,0,
52130,K,Patrick,Murray,6.7,16,4500,TEN@TB,TB,TEN,IR,Knee,0,0,
14292,TE,Jordan,Cameron,6.6,10,5500,MIA@WAS,MIA,WAS,,,0,0,
30807,TE,Mychal,Rivera,6.5,16,5100,CIN@OAK,OAK,CIN,,,0,0,
24891,RB,Chris,Thompson,6.5,2,5000,MIA@WAS,WAS,MIA,,,0,0,
6566,RB,Chris,Johnson,6.5,16,4500,NO@ARI,ARI,NO,,,0,0,
7806,RB,Darren,McFadden,6.4,16,6600,NYG@DAL,DAL,NYG,,,0,0,
31871,RB,Charles,Sims,6.4,8,6200,TEN@TB,TB,TEN,,,0,0,
28860,RB,Montee,Ball,6.4,5,5700,BAL@DEN,DEN,BAL,,,0,0,
39649,RB,Benny,Cunningham,6.4,16,5100,SEA@STL,STL,SEA,,,0,0,
39449,WR,Charles,Johnson,6.3,12,5600,MIN@SF,MIN,SF,,,0,0,
30298,TE,Jordan,Reed,6.3,11,5000,MIA@WAS,WAS,MIA,,,0,0,
22958,RB,Bobby,Rainey,6.3,15,5000,TEN@TB,TB,TEN,,,0,0,
11577,WR,Riley,Cooper,6.3,16,4900,PHI@ATL,PHI,ATL,P,Thumb,0,0,
7831,K,Sebastian,Janikowski,6.3,16,4700,CIN@OAK,OAK,CIN,,,0,0,
22938,WR,Rod,Streater,6.3,3,4500,CIN@OAK,OAK,CIN,,,0,0,
22054,WR,Jarius,Wright,6.2,16,5300,MIN@SF,MIN,SF,,,0,0,
6814,QB,Tarvaris,Jackson,6.1,1,5400,SEA@STL,SEA,STL,Q,Leg,0,0,
39900,RB,Khiry,Robinson,6.1,10,5000,NO@ARI,NO,ARI,Q,Undisclosed,0,0,
7645,WR,Steve,Johnson,6.1,13,4700,DET@SD,SD,DET,,,0,0,
14194,QB,Blaine,Gabbert,6,1,5600,MIN@SF,SF,MIN,,,0,0,
7788,WR,Louis,Murphy,6,11,5000,TEN@TB,TB,TEN,,,0,0,
6688,WR,Jerricho,Cotchery,6,15,4600,CAR@JAC,CAR,JAC,Q,Groin,0,0,
6610,WR,Nate,Washington,6,16,4500,KC@HOU,HOU,KC,,,0,0,
6904,WR,Devin,Hester,5.9,16,4800,PHI@ATL,ATL,PHI,,,0,0,
6767,K,Ryan,Succop,5.8,16,4600,TEN@TB,TEN,TB,,,0,0,
31406,RB,Alfred,Blue,5.6,16,5800,KC@HOU,HOU,KC,,,0,0,
33465,RB,Theo,Riddick,5.6,14,4700,DET@SD,DET,SD,,,0,0,
29991,RB,Bishop,Sankey,5.5,16,6300,TEN@TB,TEN,TB,,,0,0,
22219,WR,Jermaine,Kearse,5.4,15,5300,SEA@STL,SEA,STL,,,0,0,
54753,WR,Taylor,Gabriel,5.4,16,4500,CLE@NYJ,CLE,NYJ,,,0,0,
39455,RB,Kerwynn,Williams,5.3,5,5200,NO@ARI,ARI,NO,,,0,0,
26458,WR,Tavon,Austin,5.3,15,4700,SEA@STL,STL,SEA,,,0,0,
29593,WR,Marqise,Lee,5.2,13,5600,CAR@JAC,JAC,CAR,Q,Hamstring,0,0,
14237,TE,Kyle,Rudolph,5.2,9,5300,MIN@SF,MIN,SF,,,0,0,
22165,RB,Bryce,Brown,5.2,7,5200,IND@BUF,BUF,IND,P,Hamstring,0,0,
33557,TE,Tyler,Eifert,5.2,1,5000,CIN@OAK,CIN,OAK,,,0,0,
6884,WR,Hakeem,Nicks,5.2,16,5000,TEN@TB,TEN,TB,,,0,0,
6672,TE,Marcedes,Lewis,5.2,8,4900,CAR@JAC,JAC,CAR,,,0,0,
14704,WR,Chris,Hogan,5.2,16,4700,IND@BUF,BUF,IND,P,Knee,0,0,
34331,RB,Latavius,Murray,5.1,15,7400,CIN@OAK,OAK,CIN,,,0,0,
45889,WR,Davante,Adams,5.1,16,5500,GB@CHI,GB,CHI,,,0,0,
54612,RB,Lorenzo,Taliaferro,5.1,13,5500,BAL@DEN,BAL,DEN,D,Knee,0,0,
26498,WR,Stedman,Bailey,5.1,14,5000,SEA@STL,STL,SEA,,,0,0,
11479,RB,Toby,Gerhart,5.1,14,5000,CAR@JAC,JAC,CAR,P,Abdomen,0,0,
30640,QB,Connor,Shaw,5,1,5000,CLE@NYJ,CLE,NYJ,IR,Thumb,0,0,
22288,WR,Cole,Beasley,5,16,5000,NYG@DAL,DAL,NYG,,,0,0,
31561,WR,Donte,Moncrief,5,16,4800,IND@BUF,IND,BUF,,,0,0,
28486,WR,Corey (Philly),Brown,5,13,4500,CAR@JAC,CAR,JAC,,,0,0,
28473,RB,Carlos,Hyde,4.9,14,7300,MIN@SF,SF,MIN,,,0,0,
6809,WR,Brian,Hartline,4.9,16,4500,CLE@NYJ,CLE,NYJ,P,Thigh,0,0,
25561,WR,Michael,Campanaro,4.9,4,4500,BAL@DEN,BAL,DEN,P,Leg,0,0,
30733,WR,Cordarrelle,Patterson,4.8,16,4900,MIN@SF,MIN,SF,,,0,0,
6910,K,Robbie,Gould,4.8,12,4800,GB@CHI,CHI,GB,,,0,0,
14265,WR,Austin,Pettis,4.8,5,4500,DET@SD,SD,DET,,,0,0,
32674,TE,Jace,Amaro,4.7,14,4900,CLE@NYJ,NYJ,CLE,IR,Shoulder,0,0,
16923,TE,Austin,Seferian-Jenkins,4.7,9,4700,TEN@TB,TB,TEN,,,0,0,
26247,K,Brandon,McManus,4.7,15,4500,BAL@DEN,DEN,BAL,,,0,0,
26074,TE,Tim,Wright,4.7,16,4500,DET@SD,DET,SD,,,0,0,
14349,WR,Jeremy,Kerley,4.7,16,4500,CLE@NYJ,NYJ,CLE,Q,Concussion,0,0,
14355,TE,Niles,Paul,4.6,16,4500,MIA@WAS,WAS,MIA,IR,Ankle,0,0,
11504,WR,Andre,Roberts,4.6,16,4500,MIA@WAS,WAS,MIA,,,0,0,
24920,RB,Devonta,Freeman,4.5,16,6500,PHI@ATL,ATL,PHI,P,Hamstring,0,0,
6660,RB,Donald,Brown,4.5,13,4500,DET@SD,SD,DET,,,0,0,
11829,WR,Preston,Parker,4.4,16,4600,NYG@DAL,NYG,DAL,,,0,0,
22433,TE,Dominique,Jones,4.4,1,4500,BAL@DEN,DEN,BAL,,,0,0,
11609,RB,James,Starks,4.3,16,5400,GB@CHI,GB,CHI,,,0,0,
30910,RB,Zac,Stacy,4.3,13,5000,CLE@NYJ,NYJ,CLE,,,0,0,
22060,WR,Nick,Toon,4.3,8,4900,NO@ARI,NO,ARI,IR,Ankle,0,0,
14240,TE,Lance,Kendricks,4.3,16,4800,SEA@STL,STL,SEA,,,0,0,
32000,TE,Luke,Willson,4.3,15,4700,SEA@STL,SEA,STL,,,0,0,
29723,RB,Stepfan,Taylor,4.3,14,4700,NO@ARI,ARI,NO,,,0,0,
21959,QB,Brandon,Weeden,4.2,5,5700,NYG@DAL,DAL,NYG,P,Head,0,0,
11466,QB,Jimmy,Clausen,4.2,4,5500,GB@CHI,CHI,GB,Q,Concussion,0,0,
6831,QB,Matt,Hasselbeck,4.2,4,5000,IND@BUF,IND,BUF,,,0,0,
22048,RB,Robert,Turbin,4.2,16,4900,SEA@STL,SEA,STL,IR,Ankle,0,0,
29351,RB,De'Anthony,Thomas,4.2,12,4800,KC@HOU,KC,HOU,Q,Calf,0,0,
22130,RB,Dan,Herron,4.1,16,5500,IND@BUF,IND,BUF,,,0,0,
11562,TE,Andrew,Quarless,4.1,16,5200,GB@CHI,GB,CHI,,,0,0,
30108,WR,Marquess,Wilson,4.1,7,4500,GB@CHI,CHI,GB,Q,Hamstring,0,0,
14336,RB,Jacquizz,Rodgers,4.1,16,4500,GB@CHI,CHI,GB,,,0,0,
11594,RB,Anthony,Dixon,4,16,4600,IND@BUF,BUF,IND,P,Calf,0,0,
14266,RB,Daniel,Thomas,4,12,4500,GB@CHI,CHI,GB,,,0,0,
11615,QB,Joe,Webb,3.9,7,5000,CAR@JAC,CAR,JAC,,,0,0,
22228,TE,Chase,Ford,3.9,11,4800,MIN@SF,MIN,SF,P,Undisclosed,0,0,
11511,TE,Tony,Moeaki,3.9,6,4700,PHI@ATL,ATL,PHI,,,0,0,
6778,TE,Anthony,Fasano,3.9,15,4500,TEN@TB,TEN,TB,,,0,0,
7922,RB,Shonn,Greene,3.9,13,4500,TEN@TB,TEN,TB,,,0,0,
10354,RB,Marcel,Reece,3.8,15,5000,CIN@OAK,OAK,CIN,,,0,0,
22029,RB,Bernard,Pierce,3.8,13,4700,CAR@JAC,JAC,CAR,,,0,0,
28144,TE,Dion,Sims,3.7,14,4800,MIA@WAS,MIA,WAS,,,0,0,
6388,WR,Jason,Avant,3.7,16,4600,KC@HOU,KC,HOU,P,Hip,0,0,
22035,WR,Travis,Benjamin,3.7,16,4600,CLE@NYJ,CLE,NYJ,,,0,0,
23023,TE,Cooper,Helfet,3.7,10,4500,SEA@STL,SEA,STL,P,Ribs,0,0,
11543,TE,Clay,Harbor,3.7,13,4500,CAR@JAC,JAC,CAR,P,Ankle,0,0,
6870,TE,Vernon,Davis,3.6,14,5300,MIN@SF,SF,MIN,,,0,0,
11454,RB,Dexter,McCluster,3.6,14,5200,TEN@TB,TEN,TB,,,0,0,
26355,QB,Logan,Thomas,3.6,2,5000,MIA@WAS,MIA,WAS,,,0,0,
22234,RB,Chris,Polk,3.6,14,4900,KC@HOU,HOU,KC,,,0,0,
14815,WR,Joseph,Morgan,3.6,5,4500,NO@ARI,NO,ARI,,,0,0,
37245,RB,Foswhitt,Whittaker,3.5,10,5100,CAR@JAC,CAR,JAC,,,0,0,
34275,RB,Storm,Johnson,3.5,6,5100,CAR@JAC,JAC,CAR,,,0,0,
14905,WR,Kamar,Aiken,3.5,16,4600,BAL@DEN,BAL,DEN,,,0,0,
22232,WR,Damaris,Johnson,3.5,16,4500,KC@HOU,HOU,KC,,,0,0,
7919,QB,Kellen,Clemens,3.4,2,5400,DET@SD,SD,DET,,,0,0,
39492,TE,Josh,Hill,3.4,16,5200,NO@ARI,NO,ARI,,,0,0,
11766,TE,Jeff,Cumberland,3.4,16,4900,CLE@NYJ,NYJ,CLE,,,0,0,
39445,WR,Brice,Butler,3.4,15,4600,CIN@OAK,OAK,CIN,Q,Undisclosed,0,0,
6742,TE,Brent,Celek,3.4,16,4500,PHI@ATL,PHI,ATL,,,0,0,
27553,RB,Joseph,Randle,3.3,16,6900,NYG@DAL,DAL,NYG,,,0,0,
25272,TE,Eric,Ebron,3.3,13,5000,DET@SD,DET,SD,P,Undisclosed,0,0,
24797,RB,Juwan,Thompson,3.3,15,4600,BAL@DEN,DEN,BAL,,,0,0,
22191,RB,Edwin,Baker,3.3,3,4500,NO@ARI,NO,ARI,,,0,0,
9421,RB,Danny,Woodhead,3.2,3,6000,DET@SD,SD,DET,,,0,0,
11538,TE,Garrett,Graham,3.2,11,4800,KC@HOU,HOU,KC,,,0,0,
22010,WR,DeVier,Posey,3.2,1,4500,CLE@NYJ,NYJ,CLE,,,0,0,
26610,WR,Paul,Richardson,3.2,15,4500,SEA@STL,SEA,STL,NA,Knee,0,0,
14645,WR,Dontrelle,Inman,3.1,7,4600,DET@SD,SD,DET,Q,Concussion,0,0,
6868,TE,Daniel,Fells,3.1,16,4500,NYG@DAL,NYG,DAL,,,0,0,
29725,TE,Levine,Toilolo,3.1,16,4500,PHI@ATL,ATL,PHI,,,0,0,
22762,WR,Chris,Owusu,3.1,8,4500,CLE@NYJ,NYJ,CLE,,,0,0,
27441,RB,Damien,Williams,3,16,5500,MIA@WAS,MIA,WAS,,,0,0,
24589,WR,Jaron,Brown,2.9,16,5000,NO@ARI,ARI,NO,,,0,0,
7975,RB,Mike,Tolbert,2.9,8,5000,CAR@JAC,CAR,JAC,,,0,0,
10695,RB,Darrel,Young,2.9,16,4500,MIA@WAS,WAS,MIA,,,0,0,
6783,WR,Lance,Moore,2.9,14,4500,DET@SD,DET,SD,,,0,0,
14297,WR,Greg,Salas,2.9,10,4500,DET@SD,DET,SD,IR,Knee,0,0,
44686,RB,Zurlon,Tipton,2.9,6,4500,IND@BUF,IND,BUF,,,0,0,
32415,QB,Johnny,Manziel,2.8,5,5900,CLE@NYJ,CLE,NYJ,Q,Elbow,0,0,
29314,TE,Richard,Rodgers,2.8,16,4900,GB@CHI,GB,CHI,,,0,0,
14837,WR,Jeremy,Ross,2.8,16,4500,DET@SD,DET,SD,,,0,0,
48344,WR,Albert,Wilson,2.8,12,4500,KC@HOU,KC,HOU,P,Shoulder,0,0,
33037,WR,Kenbrell,Thompkins,2.7,14,4500,CIN@OAK,OAK,CIN,,,0,0,
30385,WR,Marlon,Brown,2.7,14,4500,BAL@DEN,BAL,DEN,,,0,0,
8803,QB,Chase,Daniel,2.6,3,5600,KC@HOU,KC,HOU,,,0,0,
29827,TE,Joseph,Fauria,2.6,7,4800,DET@SD,DET,SD,,,0,0,
8071,QB,Dan,Orlovsky,2.5,1,5400,DET@SD,DET,SD,,,0,0,
22292,RB,Lance,Dunbar,2.5,16,5000,NYG@DAL,DAL,NYG,,,0,0,
14277,WR,Vincent,Brown,2.5,7,4500,IND@BUF,IND,BUF,,,0,0,
22065,TE,Rhett,Ellison,2.4,16,4600,MIN@SF,MIN,SF,,,0,0,
39411,TE,Gavin,Escobar,2.4,16,4500,NYG@DAL,DAL,NYG,P,Concussion,0,0,
14406,RB,Bruce,Miller,2.4,16,4500,MIN@SF,SF,MIN,,,0,0,
11648,TE,Jim,Dray,2.4,16,4500,CLE@NYJ,CLE,NYJ,,,0,0,
22047,TE,Ladarius,Green,2.3,14,5700,DET@SD,SD,DET,,,0,0,
14320,RB,Bilal,Powell,2.3,15,5200,CLE@NYJ,NYJ,CLE,Q,Ankle,0,0,
14629,WR,Ricardo,Lockette,2.3,16,4600,SEA@STL,SEA,STL,,,0,0,
30709,WR,Bruce,Ellington,2.3,13,4500,MIN@SF,SF,MIN,,,0,0,
22163,WR,Rishard,Matthews,2.3,14,4500,MIA@WAS,MIA,WAS,,,0,0,
7870,TE,Benjamin,Watson,2.2,16,4600,NO@ARI,NO,ARI,,,0,0,
34234,RB,Darrin,Reaves,2.2,6,4500,KC@HOU,KC,HOU,,,0,0,
39859,TE,Jack,Doyle,2.1,16,4700,IND@BUF,IND,BUF,,,0,0,
9442,WR,Brandon,Tate,2.1,16,4600,CIN@OAK,CIN,OAK,,,0,0,
6627,WR,Ted,Ginn Jr.,2.1,16,4500,CAR@JAC,CAR,JAC,,,0,0,
22838,WR,Mike,Brown,2.1,5,4500,CAR@JAC,CAR,JAC,,,0,0,
14302,WR,Kris,Durham,2.1,4,4500,CIN@OAK,OAK,CIN,,,0,0,
22754,TE,Garrett,Celek,2.1,3,4500,MIN@SF,SF,MIN,,,0,0,
7801,TE,Brandon,Myers,2.1,14,4500,TEN@TB,TB,TEN,,,0,0,
22034,WR,Chris,Givens,2,14,4700,SEA@STL,STL,SEA,,,0,0,
26343,WR,Corey,Fuller,2,16,4500,DET@SD,DET,SD,,,0,0,
22800,RB,Derrick,Coleman,2,5,4500,SEA@STL,SEA,STL,,,0,0,
6664,TE,Jacob,Tamme,1.9,15,4900,PHI@ATL,ATL,PHI,Q,Back,0,0,
32418,RB,Christine,Michael,1.9,10,4500,NYG@DAL,DAL,NYG,,,0,0,
39428,RB,Kyle,Juszczyk,1.9,16,4500,BAL@DEN,BAL,DEN,,,0,0,
6669,RB,Maurice,Jones-Drew,1.9,12,4500,CAR@JAC,JAC,CAR,,,0,0,
29672,RB,Silas,Redd,1.9,15,4500,MIA@WAS,WAS,MIA,IR,Knee,0,0,
27338,RB,Rex,Burkhead,1.9,9,4500,CIN@OAK,CIN,OAK,,,0,0,
46368,WR,Robert,Herron,1.9,8,4500,TEN@TB,TB,TEN,,,0,0,
22820,QB,Matt,Simms,1.8,1,5000,IND@BUF,BUF,IND,,,0,0,
22317,WR,Brenton,Bersin,1.8,15,4500,CAR@JAC,CAR,JAC,,,0,0,
29003,RB,Ka'Deem,Carey,1.7,14,5300,GB@CHI,CHI,GB,,,0,0,
6622,WR,Eric,Weems,1.7,16,4600,PHI@ATL,ATL,PHI,,,0,0,
28311,TE,MarQueis,Gray,1.7,13,4500,IND@BUF,BUF,IND,,,0,0,
6422,TE,Gary,Barnidge,1.7,13,4500,CLE@NYJ,CLE,NYJ,,,0,0,
22991,RB,Jonathan,Grimes,1.7,16,4500,KC@HOU,HOU,KC,,,0,0,
27404,WR,Justin,Brown,1.7,8,4500,IND@BUF,BUF,IND,,,0,0,
29108,RB,Marion,Grice,1.7,10,4500,NO@ARI,ARI,NO,O,Shoulder,0,0,
11622,WR,Trindon,Holliday,1.7,2,4500,CIN@OAK,OAK,CIN,,,0,0,
14344,QB,T.J.,Yates,1.6,1,5300,PHI@ATL,ATL,PHI,,,0,0,
10382,RB,Chris,Ogbonnaya,1.6,7,4500,NYG@DAL,NYG,DAL,,,0,0,
14338,WR,Denarius,Moore,1.6,10,4500,CIN@OAK,CIN,OAK,,,0,0,
31036,WR,Kevin,Norwood,1.6,9,4500,CAR@JAC,CAR,JAC,,,0,0,
21994,QB,Brock,Osweiler,1.5,4,5800,BAL@DEN,DEN,BAL,,,0,0,
45723,TE,Crockett,Gillmore,1.5,15,4700,BAL@DEN,BAL,DEN,,,0,0,
22002,WR,T.J.,Graham,1.5,12,4500,CLE@NYJ,NYJ,CLE,,,0,0,
21968,WR,A.J.,Jenkins,1.5,9,4500,NYG@DAL,DAL,NYG,,,0,0,
39427,WR,Quinton,Patton,1.5,4,4500,MIN@SF,SF,MIN,,,0,0,
6845,WR,Josh,Morgan,1.5,14,4500,NO@ARI,NO,ARI,,,0,0,
37768,RB,Austin,Johnson,1.5,7,4500,NO@ARI,NO,ARI,,,0,0,
39716,WR,Adam,Thielen,1.5,16,4500,MIN@SF,MIN,SF,,,0,0,
29340,WR,Josh,Huff,1.5,12,4500,PHI@ATL,PHI,ATL,,,0,0,
11488,TE,Ed,Dickson,1.4,16,4600,CAR@JAC,CAR,JAC,,,0,0,
33691,RB,Orleans,Darkwa,1.4,11,4500,NYG@DAL,NYG,DAL,,,0,0,
28030,RB,Fitzgerald,Toussaint,1.4,4,4500,BAL@DEN,BAL,DEN,,,0,0,
6694,WR,Joshua,Cribbs,1.4,6,4500,IND@BUF,IND,BUF,,,0,0,
22920,TE,Derek,Carrier,1.4,11,4500,MIA@WAS,WAS,MIA,,,0,0,
31188,TE,Chris,Gragg,1.4,10,4500,IND@BUF,BUF,IND,,,0,0,
14394,TE,Virgil,Green,1.3,13,4600,BAL@DEN,DEN,BAL,,,0,0,
45873,TE,Marcel,Jensen,1.3,1,4500,BAL@DEN,DEN,BAL,,,0,0,
32185,RB,Zach,Line,1.3,1,4500,MIN@SF,MIN,SF,,,0,0,
39462,RB,Michael,Cox,1.3,4,4500,NYG@DAL,NYG,DAL,,,0,0,
22308,RB,Joe,Banyard,1.3,15,4500,MIN@SF,MIN,SF,,,0,0,
6684,WR,Jacoby,Jones,1.3,16,4500,DET@SD,SD,DET,,,0,0,
34073,TE,Ryan,Griffin,1.3,16,4500,KC@HOU,HOU,KC,,,0,0,
31417,WR,James,Wright,1.3,11,4500,CIN@OAK,CIN,OAK,IR,Knee,0,0,
14274,TE,Rob,Housler,1.2,15,4900,CLE@NYJ,CLE,NYJ,,,0,0,
7722,WR,Kevin,Ogletree,1.2,7,4600,NYG@DAL,NYG,DAL,,,0,0,
30412,WR,Tavarres,King,1.2,2,4500,TEN@TB,TB,TEN,,,0,0,
6951,TE,James,Casey,1.2,16,4500,BAL@DEN,DEN,BAL,,,0,0,
14603,RB,Robert,Hughes,1.2,16,4500,NO@ARI,ARI,NO,,,0,0,
22177,WR,Junior,Hemingway,1.2,14,4500,KC@HOU,KC,HOU,IR,Back,0,0,
14327,RB,Anthony,Sherman,1.2,16,4500,KC@HOU,KC,HOU,,,0,0,
7443,TE,Dante,Rosario,1.2,16,4500,GB@CHI,CHI,GB,,,0,0,
7244,RB,John,Kuhn,1.2,16,4500,GB@CHI,GB,CHI,,,0,0,
11671,RB,Erik,Lorig,1.2,10,4500,NO@ARI,NO,ARI,,,0,0,
25654,RB,Tommy,Bohanon,1.1,4,4500,CLE@NYJ,NYJ,CLE,,,0,0,
22080,TE,Taylor,Thompson,1.1,3,4500,TEN@TB,TEN,TB,,,0,0,
22849,RB,Cory,Harkey,1.1,16,4500,SEA@STL,STL,SEA,,,0,0,
12055,TE,Logan,Paulsen,1.1,16,4500,MIA@WAS,WAS,MIA,IR,Toe,0,0,
30591,WR,Ace,Sanders,1,12,4500,CAR@JAC,JAC,CAR,,,0,0,
54698,WR,Corey,Washington,1,14,4500,NYG@DAL,NYG,DAL,,,0,0,
14683,RB,Patrick,DiMarco,1,16,4500,PHI@ATL,ATL,PHI,,,0,0,
39539,TE,Brian,Leonhardt,1,12,4500,CIN@OAK,OAK,CIN,,,0,0,
22116,RB,Cyrus,Gray,1,9,4500,KC@HOU,KC,HOU,,,0,0,
14348,TE,Lee,Smith,1,14,4500,CIN@OAK,OAK,CIN,,,0,0,
38301,TE,Darren,Fells,1,10,4500,NO@ARI,ARI,NO,,,0,0,
23046,RB,Jamize,Olawale,1,16,4500,CIN@OAK,OAK,CIN,,,0,0,
11557,RB,John,Conner,1,12,4500,IND@BUF,BUF,IND,,,0,0,
15052,WR,Jeff,Maehl,0.9,8,4500,PHI@ATL,PHI,ATL,,,0,0,
54623,WR,Jeff,Janis,0.9,3,4500,GB@CHI,GB,CHI,,,0,0,
29805,RB,Ryan,Hewitt,0.9,16,4500,CIN@OAK,CIN,OAK,,,0,0,
10542,RB,Jed,Collins,0.9,16,4500,NYG@DAL,DAL,NYG,,,0,0,
7394,TE,Brandon,Pettigrew,0.9,14,4500,DET@SD,DET,SD,,,0,0,
11635,WR,Marc,Mariani,0.9,6,4500,GB@CHI,CHI,GB,,,0,0,
33488,TE,Troy,Niklas,0.8,7,5000,NO@ARI,ARI,NO,Q,Hamstring,0,0,
22067,TE,Adrien,Robinson,0.8,16,4500,NYG@DAL,NYG,DAL,,,0,0,
11723,WR,Marlon,Moore,0.8,13,4500,CLE@NYJ,CLE,NYJ,Q,Ribs,0,0,
25969,QB,Tom,Savage,0.7,2,5000,KC@HOU,HOU,KC,IR,Shoulder,0,0,
27908,TE,C.J.,Fiedorowicz,0.7,15,4700,KC@HOU,HOU,KC,,,0,0,
21990,WR,Ryan,Broyles,0.7,5,4500,DET@SD,DET,SD,,,0,0,
6597,TE,Craig,Stevens,0.7,5,4500,TEN@TB,TEN,TB,,,0,0,
22063,WR,Keshawn,Martin,0.7,16,4500,KC@HOU,HOU,KC,,,0,0,
14358,WR,Dwayne,Harris,0.7,16,4500,NYG@DAL,NYG,DAL,,,0,0,
11890,WR,Bryan,Walters,0.7,13,4500,CAR@JAC,JAC,CAR,,,0,0,
31435,TE,Nic,Jacobs,0.7,13,4500,CAR@JAC,JAC,CAR,,,0,0,
23076,RB,Jorvorskie,Lane,0.7,9,4500,TEN@TB,TB,TEN,,,0,0,
16926,WR,Marcus,Thigpen,0.6,9,4700,IND@BUF,BUF,IND,Q,Back,0,0,
33029,RB,George,Winn,0.6,12,4500,DET@SD,DET,SD,,,0,0,
33703,WR,Ryan,Grant,0.6,16,4500,MIA@WAS,WAS,MIA,,,0,0,
32243,WR,Marquise,Goodwin,0.6,10,4500,IND@BUF,BUF,IND,Q,Ribs,0,0,
22235,RB,Jeremy,Stewart,0.6,6,4500,BAL@DEN,DEN,BAL,,,0,0,
23003,TE,Phillip,Supernaw,0.6,8,4500,TEN@TB,TEN,TB,,,0,0,
14304,TE,Luke,Stocker,0.6,13,4500,TEN@TB,TB,TEN,,,0,0,
11492,WR,Damian,Williams,0.6,3,4500,SEA@STL,STL,SEA,,,0,0,
23055,TE,Brandon,Bostick,0.6,13,4500,MIN@SF,MIN,SF,,,0,0,
26141,QB,Ryan,Nassib,0.5,4,5700,NYG@DAL,NYG,DAL,,,0,0,
47828,RB,Antonio,Andrews,0.5,4,4500,TEN@TB,TEN,TB,,,0,0,
6653,RB,Jerome,Felton,0.5,16,4500,IND@BUF,BUF,IND,,,0,0,
10495,TE,Bear,Pascoe,0.5,16,4500,GB@CHI,CHI,GB,,,0,0,
39615,TE,Brandon,Williams,0.5,14,4500,CAR@JAC,CAR,JAC,,,0,0,
14643,RB,DuJuan,Harris,0.5,15,4500,MIN@SF,MIN,SF,,,0,0,
6753,WR,Andre,Caldwell,0.5,16,4500,BAL@DEN,DEN,BAL,,,0,0,
14283,WR,Leonard,Hankerson,0.5,1,4500,PHI@ATL,ATL,PHI,,,0,0,
31329,WR,Russell,Shepard,0.5,16,4500,TEN@TB,TB,TEN,,,0,0,
7718,RB,Cedric,Peerman,0.5,16,4500,CIN@OAK,CIN,OAK,,,0,0,
27771,WR,Cody,Latimer,0.4,8,4900,BAL@DEN,DEN,BAL,,,0,0,
54782,TE,Cameron,Brate,0.4,5,4500,TEN@TB,TB,TEN,,,0,0,
30249,WR,Frankie,Hammond,0.4,16,4500,KC@HOU,KC,HOU,,,0,0,
6823,TE,John,Phillips,0.4,16,4500,DET@SD,SD,DET,,,0,0,
22123,TE,James,Hanna,0.4,16,4500,NYG@DAL,DAL,NYG,P,Knee,0,0,
14430,TE,David,Ausberry,0.4,6,4500,DET@SD,DET,SD,,,0,0,
11870,WR,Seyi,Ajirotutu,0.4,16,4500,PHI@ATL,PHI,ATL,,,0,0,
19342,TE,Demetrius,Harris,0.4,8,4500,KC@HOU,KC,HOU,,,0,0,
6808,QB,Matt,Moore,0.3,2,5600,MIA@WAS,MIA,WAS,,,0,0,
25783,RB,Mike,James,0.3,11,4600,TEN@TB,TB,TEN,,,0,0,
22000,RB,LaMichael,James,0.3,3,4500,MIA@WAS,MIA,WAS,P,Chest,0,0,
54683,RB,Ray,Agnew,0.3,12,4500,NYG@DAL,DAL,NYG,,,0,0,
30259,WR,Solomon,Patton,0.3,7,4500,BAL@DEN,DEN,BAL,,,0,0,
32045,TE,Vance,McDonald,0.3,8,4500,MIN@SF,SF,MIN,P,Ankle,0,0,
22311,WR,Jarrett,Boykin,0.3,13,4500,CAR@JAC,CAR,JAC,,,0,0,
10566,TE,Kevin,Brock,0.3,14,4500,NO@ARI,NO,ARI,IR,,0,0,
15006,RB,Shaun,Draughn,0.2,10,4500,CLE@NYJ,CLE,NYJ,,,0,0,
25886,WR,Devin,Street,0.2,16,4500,NYG@DAL,DAL,NYG,,,0,0,
14372,WR,Aldrick,Robinson,0.2,5,4500,BAL@DEN,BAL,DEN,,,0,0,
31321,RB,Jay,Prosch,0.2,16,4500,KC@HOU,HOU,KC,,,0,0,
6679,QB,Matt,Schaub,0.1,11,5500,BAL@DEN,BAL,DEN,,,0,0,
6567,TE,David,Johnson,0.1,14,4500,DET@SD,SD,DET,,,0,0,
15032,RB,Henry,Hynoski,0.1,16,4500,NYG@DAL,NYG,DAL,,,0,0,
30297,TE,Trey,Burton,0.1,15,4500,PHI@ATL,PHI,ATL,,,0,0,
22447,WR,Griff,Whalen,0.1,10,4500,IND@BUF,IND,BUF,,,0,0,
12305,RB,Will,Tukuafu,0.1,9,4500,SEA@STL,SEA,STL,,,0,0,
11414,QB,Sam,Bradford,0,0,7500,PHI@ATL,PHI,ATL,,,0,0,
29358,QB,Marcus,Mariota,0,0,7100,TEN@TB,TEN,TB,,,0,0,
31001,WR,Amari,Cooper,0,0,7100,CIN@OAK,OAK,CIN,,,0,0,
28900,RB,Melvin,Gordon,0,0,7100,DET@SD,SD,DET,,,0,0,
31061,RB,T.J.,Yeldon,0,0,7000,CAR@JAC,JAC,CAR,,,0,0,
24849,QB,Jameis,Winston,0,0,6900,TEN@TB,TB,TEN,P,Ankle,0,0,
27776,RB,Tevin,Coleman,0,0,6700,PHI@ATL,ATL,PHI,,,0,0,
30447,RB,Todd,Gurley,0,0,6500,SEA@STL,STL,SEA,O,Knee,0,0,
27229,RB,Ameer,Abdullah,0,0,5900,DET@SD,DET,SD,,,0,0,
25837,RB,Duke,Johnson,0,0,5800,CLE@NYJ,CLE,NYJ,Q,Concussion,0,0,
30244,RB,Matt,Jones,0,0,5500,MIA@WAS,WAS,MIA,,,0,0,
29683,WR,Nelson,Agholor,0,0,5500,PHI@ATL,PHI,ATL,,,0,0,
34295,WR,Breshad,Perriman,0,0,5500,BAL@DEN,BAL,DEN,D,Knee,0,0,
38269,RB,Cameron,Artis-Payne,0,0,5500,CAR@JAC,CAR,JAC,,,0,0,
38514,WR,Kevin,White,0,0,5500,GB@CHI,CHI,GB,NA,Leg,0,0,
28249,RB,David,Cobb,0,0,5400,TEN@TB,TEN,TB,IR,Calf,0,0,
33260,WR,DeVante,Parker,0,0,5400,MIA@WAS,MIA,WAS,Q,Foot,0,0,
47294,RB,Terrence,Franks,0,0,5400,SEA@STL,STL,SEA,,,0,0,
29645,RB,Javorius,Allen,0,0,5400,BAL@DEN,BAL,DEN,,,0,0,
46882,RB,Jay,Ajayi,0,0,5400,MIA@WAS,MIA,WAS,IR,Ribs,0,0,
8051,QB,Luke,McCown,0,16,5400,NO@ARI,NO,ARI,,,0,0,
41807,RB,Michael,Dyer,0,0,5300,CIN@OAK,OAK,CIN,,,0,0,
39373,WR,Jaelen,Strong,0,0,5300,KC@HOU,HOU,KC,,,0,0,
62497,RB,David,Johnson,0,0,5300,NO@ARI,ARI,NO,,,0,0,
14696,QB,Scott,Tolzien,0,0,5300,GB@CHI,GB,CHI,,,0,0,
31047,QB,AJ,McCarron,0,0,5300,CIN@OAK,CIN,OAK,,,0,0,
11436,QB,Tim,Tebow,0,0,5200,PHI@ATL,PHI,ATL,,,0,0,
21984,RB,Isaiah,Pead,0,0,5100,SEA@STL,STL,SEA,,,0,0,
32354,WR,Malcome,Kennedy,0,0,5100,NO@ARI,NO,ARI,,,0,0,
47953,WR,Lucky,Whitehead,0,0,5100,NYG@DAL,DAL,NYG,,,0,0,
27847,WR,Shane,Wynn,0,0,5100,CLE@NYJ,CLE,NYJ,,,0,0,
34288,WR,Rannell,Hall,0,0,5100,TEN@TB,TB,TEN,,,0,0,
27134,WR,Dorial,Green-Beckham,0,0,5100,TEN@TB,TEN,TB,P,Ankle,0,0,
30610,QB,Dylan,Thompson,0,0,5000,MIN@SF,SF,MIN,,,0,0,
43956,QB,David,Fales,0,0,5000,GB@CHI,CHI,GB,,,0,0,
33128,QB,Shane,Carden,0,0,5000,GB@CHI,CHI,GB,,,0,0,
45797,QB,Garrett,Grayson,0,0,5000,NO@ARI,NO,ARI,,,0,0,
30364,QB,Aaron,Murray,0,0,5000,KC@HOU,KC,HOU,,,0,0,
28434,QB,Trevor,Siemian,0,0,5000,BAL@DEN,DEN,BAL,,,0,0,
54705,QB,Dustin,Vaughan,0,0,5000,NYG@DAL,DAL,NYG,,,0,0,
32366,QB,Jameill,Showers,0,0,5000,NYG@DAL,DAL,NYG,,,0,0,
15008,QB,McLeod,Bethel-Thompson,0,0,5000,MIA@WAS,MIA,WAS,,,0,0,
54654,QB,Seth,Lobato,0,0,5000,TEN@TB,TB,TEN,,,0,0,
43563,QB,Cody,Fajardo,0,0,5000,CIN@OAK,OAK,CIN,,,0,0,
30335,QB,Hutson,Mason,0,0,5000,MIA@WAS,WAS,MIA,,,0,0,
62630,QB,Jerry,Lovelocke,0,0,5000,BAL@DEN,BAL,DEN,,,0,0,
30195,QB,Jeff,Tuel,0,0,5000,CAR@JAC,JAC,CAR,,,0,0,
25812,QB,Stephen,Morris,0,0,5000,PHI@ATL,PHI,ATL,,,0,0,
12550,D,Seattle,Seahawks,0,0,5000,SEA@STL,SEA,STL,,,0,0,
39452,QB,Brad,Sorensen,0,0,5000,DET@SD,SD,DET,,,0,0,
39454,QB,Zac,Dysert,0,0,5000,GB@CHI,CHI,GB,,,0,0,
32158,QB,Garrett,Gilbert,0,0,5000,DET@SD,DET,SD,,,0,0,
25693,QB,Chase,Rettig,0,0,5000,DET@SD,SD,DET,,,0,0,
31798,QB,Bryce,Petty,0,0,5000,CLE@NYJ,NYJ,CLE,,,0,0,
22187,QB,Chandler,Harnish,0,0,5000,NO@ARI,ARI,NO,,,0,0,
29915,QB,Brett,Hundley,0,0,5000,GB@CHI,GB,CHI,,,0,0,
29734,WR,Ty,Montgomery,0,0,5000,GB@CHI,GB,CHI,Q,Hamstring,0,0,
31879,WR,Deontay,Greenberry,0,0,5000,SEA@STL,SEA,STL,,,0,0,
39787,QB,Jake,Waters,0,0,5000,SEA@STL,SEA,STL,,,0,0,
22894,QB,Kellen,Moore,0,0,5000,DET@SD,DET,SD,,,0,0,
25278,QB,Bryn,Renner,0,0,5000,BAL@DEN,BAL,DEN,,,0,0,
11982,QB,R.J.,Archer,0,0,5000,SEA@STL,SEA,STL,,,0,0,
29605,QB,Matt,Barkley,0,1,5000,NO@ARI,ARI,NO,,,0,0,
22969,QB,Matt,Blanchard,0,0,5000,GB@CHI,GB,CHI,,,0,0,
29445,QB,Sean,Mannion,0,0,5000,SEA@STL,STL,SEA,,,0,0,
14326,QB,Ricky,Stanzi,0,0,5000,NYG@DAL,NYG,DAL,,,0,0,
53331,QB,Taylor,Heinicke,0,0,5000,MIN@SF,MIN,SF,,,0,0,
25549,QB,Phillip,Sims,0,0,5000,NO@ARI,ARI,NO,,,0,0,
29333,QB,Bryan,Bennett,0,0,5000,IND@BUF,IND,BUF,,,0,0,
24779,QB,Anthony,Boone,0,0,5000,DET@SD,DET,SD,,,0,0,
24760,QB,Sean,Renfree,0,0,5000,PHI@ATL,ATL,PHI,,,0,0,
24652,QB,Cole,Stoudt,0,0,5000,DET@SD,SD,DET,,,0,0,
8022,QB,Josh,Freeman,0,0,5000,MIA@WAS,MIA,WAS,,,0,0,
8023,QB,Josh,Johnson,0,0,5000,CLE@NYJ,NYJ,CLE,,,0,0,
26877,QB,Jake,Heaps,0,0,5000,CLE@NYJ,NYJ,CLE,,,0,0,
23075,QB,Alex,Tanney,0,0,5000,TEN@TB,TEN,TB,,,0,0,
30788,QB,Tyler,Bray,0,0,5000,KC@HOU,KC,HOU,O,Knee,0,0,
11761,QB,Thaddeus,Lewis,0,0,5000,CLE@NYJ,CLE,NYJ,,,0,0,
11537,QB,Mike,Kafka,0,0,5000,MIN@SF,MIN,SF,IR,Hamstring,0,0,
34459,QB,B.J.,Daniels,0,0,5000,SEA@STL,SEA,STL,,,0,0,
33137,WR,Justin,Hardy,0,0,4900,PHI@ATL,ATL,PHI,,,0,0,
24772,WR,Issac,Blakeney,0,0,4900,MIN@SF,SF,MIN,,,0,0,
28346,TE,Maxx,Williams,0,0,4800,BAL@DEN,BAL,DEN,P,Undisclosed,0,0,
28502,WR,Devin,Smith,0,0,4800,CLE@NYJ,NYJ,CLE,Q,Ribs,0,0,
12553,D,Carolina,Panthers,0,0,4800,CAR@JAC,CAR,JAC,,,0,0,
14301,RB,Kendall,Hunter,0,0,4800,MIN@SF,SF,MIN,IR,Undisclosed,0,0,
53697,WR,Kaelin,Clay,0,0,4800,TEN@TB,TB,TEN,,,0,0,
24912,K,Dustin,Hopkins,0,0,4800,NO@ARI,NO,ARI,,,0,0,
27050,WR,Tyler,Lockett,0,0,4800,SEA@STL,SEA,STL,,,0,0,
41639,WR,DeAndre,Smelter,0,0,4700,MIN@SF,SF,MIN,NA,Knee,0,0,
30004,WR,Kasen,Williams,0,0,4700,SEA@STL,SEA,STL,,,0,0,
22188,RB,Daryl,Richardson,0,0,4700,CLE@NYJ,NYJ,CLE,,,0,0,
12539,D,Miami,Dolphins,0,0,4700,MIA@WAS,MIA,WAS,,,0,0,
14230,RB,Ryan,Williams,0,0,4700,NYG@DAL,DAL,NYG,,,0,0,
27343,WR,Kenny,Bell,0,0,4700,TEN@TB,TB,TEN,IR,Hamstring,0,0,
38517,RB,Dreamius,Smith,0,0,4700,DET@SD,SD,DET,,,0,0,
25079,WR,Stefon,Diggs,0,0,4700,MIN@SF,MIN,SF,,,0,0,
32263,WR,Jaxon,Shipley,0,0,4600,NO@ARI,ARI,NO,,,0,0,
32804,WR,Dres,Anderson,0,0,4600,MIN@SF,SF,MIN,IR,Knee,0,0,
32467,WR,David,Porter,0,0,4600,NYG@DAL,DAL,NYG,,,0,0,
25813,WR,Phillip,Dorsett,0,0,4600,IND@BUF,IND,BUF,P,Knee,0,0,
12549,D,San Francisco,49ers,0,0,4600,MIN@SF,SF,MIN,,,0,0,
12529,D,Cleveland,Browns,0,0,4600,CLE@NYJ,CLE,NYJ,,,0,0,
12528,D,Cincinnati,Bengals,0,0,4600,CIN@OAK,CIN,OAK,,,0,0,
28080,WR,Devin,Funchess,0,0,4600,CAR@JAC,CAR,JAC,,,0,0,
40131,WR,Nick,Harwell,0,0,4600,NYG@DAL,DAL,NYG,,,0,0,
29625,WR,George,Farmer,0,0,4600,SEA@STL,SEA,STL,,,0,0,
34261,WR,Josh,Reese,0,0,4600,PHI@ATL,PHI,ATL,,,0,0,
31675,RB,Josh,Robinson,0,0,4600,IND@BUF,IND,BUF,Q,Head,0,0,
31308,WR,Quan,Bray,0,0,4600,IND@BUF,IND,BUF,,,0,0,
31015,WR,DeAndrew,White,0,0,4600,MIN@SF,SF,MIN,,,0,0,
34436,WR,Andre,Davis,0,0,4600,IND@BUF,BUF,IND,,,0,0,
28215,TE,Andrew,Gleichert,0,0,4500,PHI@ATL,PHI,ATL,,,0,0,
26289,RB,Kenneth,Harper,0,0,4500,NYG@DAL,NYG,DAL,,,0,0,
28202,RB,Jeremy,Langford,0,0,4500,GB@CHI,CHI,GB,,,0,0,
30598,TE,Rory,Anderson,0,0,4500,MIN@SF,SF,MIN,IR,Ankle,0,0,
61247,TE,Joe Don,Duncan,0,0,4500,BAL@DEN,DEN,BAL,,,0,0,
47861,TE,Mitchell,Henry,0,0,4500,BAL@DEN,DEN,BAL,,,0,0,
21983,WR,Stephen,Hill,0,0,4500,CAR@JAC,CAR,JAC,IR,Knee,0,0,
30635,RB,Mike,Davis,0,0,4500,MIN@SF,SF,MIN,,,0,0,
30678,WR,Damiere,Byrd,0,0,4500,CAR@JAC,CAR,JAC,,,0,0,
39153,TE,Ifeanyi,Momah,0,0,4500,NO@ARI,ARI,NO,,,0,0,
33098,WR,Cam,Worthy,0,0,4500,BAL@DEN,BAL,DEN,IR,Foot,0,0,
30667,TE,Justice,Cunningham,0,0,4500,SEA@STL,STL,SEA,,,0,0,
45612,TE,Devin,Mahina,0,0,4500,MIA@WAS,WAS,MIA,,,0,0,
28246,WR,Isaac,Fruechte,0,0,4500,MIN@SF,MIN,SF,,,0,0,
43921,WR,Da'Ron,Brown,0,0,4500,KC@HOU,KC,HOU,,,0,0,
32632,WR,Bradley,Marquez,0,0,4500,SEA@STL,STL,SEA,,,0,0,
62985,WR,Jeret,Smith,0,0,4500,KC@HOU,KC,HOU,,,0,0,
15178,RB,Chase,Reynolds,0,15,4500,SEA@STL,STL,SEA,,,0,0,
15186,WR,Kevin,Cone,0,0,4500,MIA@WAS,MIA,WAS,,,0,0,
41964,WR,Vince,Mayle,0,0,4500,CLE@NYJ,CLE,NYJ,,,0,0,
26112,RB,Jerome,Smith,0,1,4500,PHI@ATL,ATL,PHI,,,0,0,
47720,WR,Chandler,Worthy,0,0,4500,KC@HOU,HOU,KC,,,0,0,
54367,TE,Jean,Sifrin,0,0,4500,IND@BUF,IND,BUF,,,0,0,
28407,WR,Rashad,Lawrence,0,0,4500,GB@CHI,CHI,GB,,,0,0,
28408,WR,Kyle,Prater,0,0,4500,NO@ARI,NO,ARI,,,0,0,
15121,WR,Chris,Matthews,0,3,4500,SEA@STL,SEA,STL,,,0,0,
33270,TE,Gerald,Christian,0,0,4500,NO@ARI,ARI,NO,IR,Knee,0,0,
54762,TE,Rashaun,Allen,0,1,4500,SEA@STL,SEA,STL,,,0,0,
12888,RB,Tyler,Clutts,0,16,4500,NYG@DAL,DAL,NYG,,,0,0,
45893,WR,Josh,Harper,0,0,4500,CIN@OAK,OAK,CIN,,,0,0,
28417,WR,Tony,Jones,0,0,4500,MIA@WAS,WAS,MIA,,,0,0,
54742,TE,Scott,Simonson,0,4,4500,CAR@JAC,CAR,JAC,,,0,0,
32807,TE,Anthony,Denham,0,4,4500,KC@HOU,HOU,KC,IR,Shoulder,0,0,
54741,WR,Seth,Roberts,0,0,4500,CIN@OAK,OAK,CIN,,,0,0,
32824,WR,Reggie,Dunn,0,0,4500,NYG@DAL,DAL,NYG,,,0,0,
32831,TE,Jake,Murphy,0,0,4500,BAL@DEN,DEN,BAL,,,0,0,
32303,WR,John,Harris,0,0,4500,PHI@ATL,ATL,PHI,,,0,0,
30403,WR,Chris,Conley,0,0,4500,KC@HOU,KC,HOU,,,0,0,
30409,TE,Arthur,Lynch,0,0,4500,CLE@NYJ,NYJ,CLE,,,0,0,
32328,WR,Travis,Labhart,0,0,4500,KC@HOU,HOU,KC,,,0,0,
54694,TE,Justin,Perillo,0,2,4500,GB@CHI,GB,CHI,,,0,0,
54690,WR,Freddie,Martino,0,1,4500,PHI@ATL,PHI,ATL,,,0,0,
54687,RB,Charcandrick,West,0,6,4500,KC@HOU,KC,HOU,Q,Concussion,0,0,
54681,WR,Andrew,Peacock,0,0,4500,DET@SD,DET,SD,,,0,0,
28487,TE,Jeff,Heuerman,0,0,4500,BAL@DEN,DEN,BAL,IR,Knee,0,0,
54674,WR,Jeremy,Butler,0,0,4500,BAL@DEN,BAL,DEN,,,0,0,
43655,WR,Devante,Davis,0,0,4500,PHI@ATL,PHI,ATL,,,0,0,
15018,WR,Marcus,Harris,0,0,4500,NYG@DAL,NYG,DAL,IR,Knee,0,0,
54663,WR,Seantavius,Jones,0,0,4500,NO@ARI,NO,ARI,,,0,0,
54659,WR,Tony,Washington,0,0,4500,CAR@JAC,JAC,CAR,,,0,0,
32401,WR,Uzoma,Nwachukwu,0,0,4500,KC@HOU,HOU,KC,,,0,0,
32410,RB,Trey,Williams,0,0,4500,MIA@WAS,WAS,MIA,,,0,0,
32918,WR,Jordan,Leslie,0,0,4500,MIN@SF,MIN,SF,,,0,0,
30237,RB,Mike,Gillislee,0,0,4500,MIA@WAS,MIA,WAS,,,0,0,
54632,TE,Chase,Dixon,0,0,4500,MIA@WAS,WAS,MIA,,,0,0,
54638,WR,Torrence,Allen,0,0,4500,DET@SD,SD,DET,IR,Undisclosed,0,0,
28545,RB,Rod,Smith,0,0,4500,SEA@STL,SEA,STL,,,0,0,
30250,WR,Quinton,Dunbar,0,0,4500,MIA@WAS,WAS,MIA,,,0,0,
54617,WR,Matt,Hazel,0,0,4500,MIA@WAS,MIA,WAS,,,0,0,
28561,WR,Evan,Spencer,0,0,4500,MIA@WAS,WAS,MIA,,,0,0,
28562,TE,Jake,Stoneburner,0,0,4500,MIA@WAS,MIA,WAS,,,0,0,
32429,K,Josh,Lambo,0,0,4500,DET@SD,SD,DET,,,0,0,
32957,TE,Eric,Tomlinson,0,0,4500,PHI@ATL,PHI,ATL,,,0,0,
30282,WR,Andre,Debose,0,0,4500,CIN@OAK,OAK,CIN,IR,Achilles,0,0,
32474,RB,Matthew,Tucker,0,0,4500,PHI@ATL,PHI,ATL,IR,Quadriceps,0,0,
30313,TE,Tevin,Westbrook,0,0,4500,TEN@TB,TEN,TB,,,0,0,
46001,RB,Joey,Iosefa,0,0,4500,TEN@TB,TB,TEN,,,0,0,
33007,TE,Blake,Annen,0,5,4500,GB@CHI,CHI,GB,,,0,0,
39237,K,Brandon,Bogotay,0,0,4500,TEN@TB,TB,TEN,,,0,0,
30307,RB,Mack,Brown,0,0,4500,MIA@WAS,WAS,MIA,,,0,0,
54529,TE,Jordan,Thompson,0,2,4500,DET@SD,DET,SD,IR,Knee,0,0,
45165,WR,Donte,Foster,0,0,4500,MIN@SF,MIN,SF,,,0,0,
62637,WR,Isiah,Ferguson,0,0,4500,SEA@STL,STL,SEA,IR,,0,0,
62632,WR,Milton,Williams III,0,0,4500,CIN@OAK,OAK,CIN,,,0,0,
62633,TE,Matt,Lengel,0,0,4500,CIN@OAK,CIN,OAK,,,0,0,
62634,K,Tom,Obarski,0,0,4500,CIN@OAK,CIN,OAK,,,0,0,
62635,RB,Terrell,Watson,0,0,4500,CIN@OAK,CIN,OAK,,,0,0,
60675,WR,Duron,Carter,0,0,4500,IND@BUF,IND,BUF,,,0,0,
27672,TE,Matt,LaCosse,0,0,4500,CLE@NYJ,NYJ,CLE,,,0,0,
62628,WR,DeAndre,Carter,0,0,4500,BAL@DEN,BAL,DEN,,,0,0,
27671,WR,Jake,Kumerow,0,0,4500,CIN@OAK,CIN,OAK,,,0,0,
62631,RB,Gus,Johnson,0,0,4500,NYG@DAL,DAL,NYG,,,0,0,
32058,K,Chris,Boswell,0,0,4500,NYG@DAL,NYG,DAL,,,0,0,
27648,WR,Ryan,Lankford,0,0,4500,IND@BUF,IND,BUF,,,0,0,
33571,RB,George,Atkinson III,0,5,4500,CIN@OAK,OAK,CIN,,,0,0,
62600,WR,Joshua,Stangby,0,0,4500,PHI@ATL,ATL,PHI,,,0,0,
62601,WR,Gavin,Lutman,0,0,4500,MIN@SF,MIN,SF,IR,,0,0,
62598,TE,Beau,Gardner,0,0,4500,PHI@ATL,ATL,PHI,IR,,0,0,
25775,TE,Clive,Walford,0,0,4500,CIN@OAK,OAK,CIN,P,Undisclosed,0,0,
33552,WR,TJ,Jones,0,0,4500,DET@SD,DET,SD,,,0,0,
62623,RB,John,Crockett,0,0,4500,GB@CHI,GB,CHI,,,0,0,
62622,WR,Adrian,Coxson,0,0,4500,GB@CHI,GB,CHI,,,0,0,
62621,WR,Ricky,Collins,0,0,4500,GB@CHI,GB,CHI,,,0,0,
62619,K,Andrew,Franks,0,0,4500,MIA@WAS,MIA,WAS,,,0,0,
41323,WR,Javess,Blue,0,0,4500,GB@CHI,GB,CHI,,,0,0,
62617,TE,Khari,Lee,0,0,4500,GB@CHI,CHI,GB,,,0,0,
62616,RB,Zach,Zenner,0,0,4500,DET@SD,DET,SD,,,0,0,
62615,RB,Rasheed,Williams,0,0,4500,DET@SD,DET,SD,,,0,0,
62614,WR,Desmond,Lawrence,0,0,4500,CIN@OAK,CIN,OAK,,,0,0,
62613,WR,Vernon,Johnson,0,0,4500,DET@SD,DET,SD,,,0,0,
62612,WR,Tyler,Rutenbeck,0,0,4500,IND@BUF,IND,BUF,,,0,0,
33541,K,Kyle,Brindza,0,0,4500,TEN@TB,TB,TEN,,,0,0,
62611,WR,Reggie,Bell,0,0,4500,MIA@WAS,WAS,MIA,,,0,0,
14802,WR,John,Chiles,0,0,4500,GB@CHI,CHI,GB,,,0,0,
14765,TE,Allen,Reisner,0,0,4500,BAL@DEN,BAL,DEN,IR,Ankle,0,0,
62688,WR,Donatella,Luckett,0,0,4500,KC@HOU,KC,HOU,,,0,0,
60745,K,Jason,Myers,0,0,4500,CAR@JAC,JAC,CAR,,,0,0,
30207,TE,Clay,Burton,0,0,4500,IND@BUF,BUF,IND,,,0,0,
62719,RB,Desmond,Martin,0,0,4500,DET@SD,DET,SD,,,0,0,
62718,WR,Daniel,Brown,0,0,4500,BAL@DEN,BAL,DEN,,,0,0,
32072,WR,Mario,Hull,0,0,4500,MIN@SF,SF,MIN,,,0,0,
62671,WR,Kasey,Closs,0,0,4500,CAR@JAC,JAC,CAR,,,0,0,
62668,TE,John,Peters,0,0,4500,CIN@OAK,CIN,OAK,,,0,0,
62669,WR,Damarr,Aultman,0,0,4500,MIA@WAS,MIA,WAS,,,0,0,
30166,K,Andrew,Furney,0,0,4500,CLE@NYJ,NYJ,CLE,,,0,0,
39678,TE,E.J.,Bibbs,0,0,4500,CLE@NYJ,CLE,NYJ,,,0,0,
22462,RB,Collin,Mooney,0,0,4500,PHI@ATL,ATL,PHI,IR,Biceps,0,0,
62680,WR,Donteea,Dye,0,0,4500,TEN@TB,TB,TEN,,,0,0,
62687,WR,Kenny,Cook,0,0,4500,KC@HOU,KC,HOU,,,0,0,
14748,TE,Konrad,Reuland,0,0,4500,BAL@DEN,BAL,DEN,,,0,0,
62685,RB,Abou,Toure,0,0,4500,IND@BUF,IND,BUF,,,0,0,
39652,WR,Rico,Richardson,0,1,4500,TEN@TB,TEN,TB,,,0,0,
12551,D,Tampa Bay,Buccaneers,0,0,4500,TEN@TB,TB,TEN,,,0,0,
62684,WR,Austin,Willis,0,0,4500,IND@BUF,BUF,IND,IR,Head,0,0,
62675,WR,Ben,Edwards,0,0,4500,NYG@DAL,NYG,DAL,,,0,0,
62674,RB,Luke,Lundy,0,0,4500,CLE@NYJ,CLE,NYJ,,,0,0,
62673,WR,Paul,Browning,0,0,4500,CAR@JAC,CAR,JAC,,,0,0,
32082,WR,Jordan,Taylor,0,0,4500,BAL@DEN,DEN,BAL,,,0,0,
12556,D,Houston,Texans,0,0,4500,KC@HOU,HOU,KC,,,0,0,
30012,WR,Kevin,Smith,0,0,4500,SEA@STL,SEA,STL,,,0,0,
22363,WR,LaRon,Byrd,0,1,4500,MIA@WAS,MIA,WAS,,,0,0,
62508,TE,James,O'Shaughnessy,0,0,4500,KC@HOU,KC,HOU,,,0,0,
62510,TE,Nick,Boyle,0,0,4500,BAL@DEN,BAL,DEN,,,0,0,
62505,TE,MyCole,Pruitt,0,0,4500,MIN@SF,MIN,SF,,,0,0,
39440,WR,Alan,Bonner,0,0,4500,KC@HOU,HOU,KC,,,0,0,
60800,RB,Jarryd,Hayne,0,0,4500,MIN@SF,SF,MIN,,,0,0,
62517,WR,Dez,Lewis,0,0,4500,IND@BUF,BUF,IND,,,0,0,
62519,WR,Tre,McBride,0,0,4500,TEN@TB,TEN,TB,,,0,0,
29994,K,Travis,Coons,0,0,4500,CLE@NYJ,CLE,NYJ,,,0,0,
62515,WR,Neal,Sterling,0,0,4500,CAR@JAC,JAC,CAR,,,0,0,
62524,WR,Rasheed,Bailey,0,0,4500,PHI@ATL,PHI,ATL,,,0,0,
22336,WR,Josh,Bellamy,0,4,4500,GB@CHI,CHI,GB,,,0,0,
14668,WR,Michael,Preston,0,0,4500,MIA@WAS,MIA,WAS,,,0,0,
22382,WR,G.J.,Kinne,0,0,4500,PHI@ATL,PHI,ATL,,,0,0,
45278,WR,Bernard,Reedy,0,0,4500,PHI@ATL,ATL,PHI,,,0,0,
29959,WR,DiAndre,Campbell,0,0,4500,MIN@SF,SF,MIN,,,0,0,
39512,RB,Kendall,Gaskins,0,0,4500,MIN@SF,SF,MIN,,,0,0,
14631,WR,Armon,Binns,0,0,4500,KC@HOU,KC,HOU,,,0,0,
32234,RB,Malcolm,Brown,0,0,4500,SEA@STL,STL,SEA,,,0,0,
62573,WR,Darius,Davis,0,0,4500,MIN@SF,SF,MIN,,,0,0,
22294,WR,Saalim,Hakim,0,16,4500,CLE@NYJ,NYJ,CLE,,,0,0,
39509,WR,Ryan,Spadola,0,0,4500,NO@ARI,ARI,NO,,,0,0,
62575,WR,Trevor,Harman,0,0,4500,NO@ARI,ARI,NO,,,0,0,
62577,TE,Gannon,Sinclair,0,0,4500,GB@CHI,CHI,GB,,,0,0,
39502,TE,Ryan,Otten,0,0,4500,MIN@SF,MIN,SF,,,0,0,
27849,TE,Ted,Bolser,0,0,4500,NO@ARI,ARI,NO,,,0,0,
14649,TE,Kyle,Miller,0,0,4500,DET@SD,SD,DET,,,0,0,
7001,TE,Kellen,Davis,0,6,4500,CLE@NYJ,NYJ,CLE,,,0,0,
62535,WR,Tyrell,Williams,0,0,4500,DET@SD,SD,DET,,,0,0,
41398,WR,Mario,Alford,0,0,4500,CIN@OAK,CIN,OAK,,,0,0,
62534,TE,Brian,Parker,0,0,4500,KC@HOU,KC,HOU,,,0,0,
62538,WR,Cameron,Meredith,0,0,4500,GB@CHI,CHI,GB,,,0,0,
62547,RB,Tyler,Varga,0,0,4500,IND@BUF,IND,BUF,,,0,0,
62544,RB,Brandon,Wegher,0,0,4500,CAR@JAC,CAR,JAC,,,0,0,
62550,WR,R.J.,Harris,0,0,4500,NO@ARI,NO,ARI,,,0,0,
27878,RB,Mark,Weisman,0,0,4500,CIN@OAK,CIN,OAK,IR,,0,0,
39521,WR,Da'Rick,Rogers,0,0,4500,KC@HOU,KC,HOU,,,0,0,
22213,TE,Gerell,Robinson,0,3,4500,MIA@WAS,MIA,WAS,,,0,0,
33320,RB,Senorise,Perry,0,16,4500,GB@CHI,CHI,GB,IR,Foot,0,0,
39809,WR,Chuck,Jacobs,0,0,4500,MIN@SF,SF,MIN,,,0,0,
22220,TE,Sean,McGrath,0,0,4500,IND@BUF,IND,BUF,,,0,0,
31788,WR,Antwan,Goodley,0,0,4500,NYG@DAL,DAL,NYG,,,0,0,
22230,RB,Emil,Igwenagu,0,0,4500,DET@SD,DET,SD,,,0,0,
31779,RB,Lache,Seastrunk,0,0,4500,NYG@DAL,DAL,NYG,,,0,0,
26038,TE,Tyler,Kroft,0,0,4500,CIN@OAK,CIN,OAK,,,0,0,
29830,WR,Shaquelle,Evans,0,0,4500,CLE@NYJ,NYJ,CLE,,,0,0,
62873,WR,Ify,Umodu,0,0,4500,GB@CHI,CHI,GB,,,0,0,
6828,RB,Tim,Hightower,0,0,4500,NO@ARI,NO,ARI,,,0,0,
31753,WR,Tevin,Reese,0,0,4500,CIN@OAK,CIN,OAK,,,0,0,
31748,WR,Levi,Norwood,0,0,4500,GB@CHI,CHI,GB,,,0,0,
22144,WR,Tommy,Streeter,0,2,4500,MIA@WAS,MIA,WAS,,,0,0,
39887,WR,Myles,White,0,0,4500,GB@CHI,GB,CHI,,,0,0,
26057,RB,Michael,Burton,0,0,4500,DET@SD,DET,SD,,,0,0,
22181,TE,David,Paulson,0,0,4500,DET@SD,SD,DET,,,0,0,
22185,RB,Brad,Smelley,0,0,4500,SEA@STL,STL,SEA,,,0,0,
22198,WR,Brittan,Golden,0,0,4500,NO@ARI,ARI,NO,,,0,0,
26094,WR,Brandon,Coleman,0,0,4500,NO@ARI,NO,ARI,,,0,0,
12526,D,Buffalo,Bills,0,0,4500,IND@BUF,BUF,IND,,,0,0,
62781,RB,Keshawn,Hill,0,0,4500,KC@HOU,KC,HOU,,,0,0,
45562,RB,Paul,Lasike,0,0,4500,NO@ARI,ARI,NO,,,0,0,
29730,RB,Lee,Ward,0,0,4500,CAR@JAC,CAR,JAC,,,0,0,
22108,RB,Vick,Ballard,0,0,4500,IND@BUF,IND,BUF,Q,Hamstring,0,0,
22105,WR,Juron,Criner,0,0,4500,NYG@DAL,NYG,DAL,,,0,0,
12533,D,Green Bay,Packers,0,0,4500,GB@CHI,GB,CHI,,,0,0,
62764,TE,Earnest,Pettway,0,0,4500,KC@HOU,KC,HOU,,,0,0,
22103,WR,Marvin,Jones,0,0,4500,CIN@OAK,CIN,OAK,,,0,0,
12534,D,Tennessee,Titans,0,0,4500,TEN@TB,TEN,TB,,,0,0,
28095,RB,Thomas,Rawls,0,0,4500,SEA@STL,SEA,STL,,,0,0,
14411,TE,Ryan,Taylor,0,13,4500,KC@HOU,KC,HOU,,,0,0,
60576,RB,Corey,Knox,0,0,4500,IND@BUF,BUF,IND,,,0,0,
22042,TE,Evan,Rodriguez,0,1,4500,TEN@TB,TB,TEN,,,0,0,
22044,WR,Devon,Wylie,0,0,4500,CIN@OAK,OAK,CIN,,,0,0,
33531,TE,Ben,Koyack,0,0,4500,CAR@JAC,JAC,CAR,,,0,0,
60613,WR,Braylon,Bell,0,0,4500,MIA@WAS,WAS,MIA,,,0,0,
28131,WR,Keith,Mumphery,0,0,4500,KC@HOU,HOU,KC,,,0,0,
10531,WR,Jordan,Norwood,0,0,4500,BAL@DEN,DEN,BAL,,,0,0,
22051,TE,Orson,Charles,0,0,4500,NO@ARI,NO,ARI,,,0,0,
28137,WR,Tony,Lippett,0,0,4500,MIA@WAS,MIA,WAS,,,0,0,
14361,TE,Richard,Gordon,0,5,4500,KC@HOU,KC,HOU,IR,Ankle,0,0,
62784,K,Taylor,Pontius,0,0,4500,IND@BUF,IND,BUF,,,0,0,
28145,RB,Taiwan,Jones,0,0,4500,CLE@NYJ,NYJ,CLE,,,0,0,
28157,WR,Bennie,Fowler,0,0,4500,BAL@DEN,DEN,BAL,,,0,0,
34125,WR,Geremy,Davis,0,0,4500,NYG@DAL,NYG,DAL,,,0,0,
22786,WR,Lance,Lewis,0,0,4500,NO@ARI,NO,ARI,,,0,0,
34154,WR,Jamarcus,Nelson,0,0,4500,NO@ARI,ARI,NO,,,0,0,
34071,WR,Nick,Williams,0,0,4500,PHI@ATL,ATL,PHI,,,0,0,
27195,WR,Bud,Sasser,0,0,4500,SEA@STL,STL,SEA,,,0,0,
27199,RB,Marcus,Murphy,0,0,4500,NO@ARI,NO,ARI,,,0,0,
34051,WR,Deshon,Foxx,0,0,4500,SEA@STL,SEA,STL,,,0,0,
29583,TE,Randall,Telfer,0,0,4500,CLE@NYJ,CLE,NYJ,O,Foot,0,0,
25223,TE,Jack,Tabb,0,0,4500,NO@ARI,NO,ARI,IR,,0,0,
22959,WR,Deonte,Thompson,0,0,4500,IND@BUF,BUF,IND,IR,Undisclosed,0,0,
27378,RB,Trey,Millard,0,0,4500,MIN@SF,SF,MIN,,,0,0,
31703,TE,Malcolm,Johnson,0,0,4500,CLE@NYJ,CLE,NYJ,,,0,0,
46767,TE,Je'Ron,Hamm,0,0,4500,MIA@WAS,WAS,MIA,,,0,0,
22912,WR,Julian,Talley,0,2,4500,NYG@DAL,NYG,DAL,,,0,0,
29540,RB,Terron,Ward,0,0,4500,PHI@ATL,ATL,PHI,,,0,0,
46776,K,Justin,Manton,0,0,4500,BAL@DEN,BAL,DEN,,,0,0,
34278,TE,Justin,Tukes,0,0,4500,PHI@ATL,PHI,ATL,,,0,0,
55536,WR,Tyler,McDonald,0,0,4500,MIA@WAS,MIA,WAS,,,0,0,
44897,TE,Casey,Pierce,0,0,4500,DET@SD,DET,SD,,,0,0,
25127,WR,Nigel,King,0,0,4500,MIN@SF,SF,MIN,,,0,0,
14298,WR,Edmond,Gates,0,0,4500,NYG@DAL,DAL,NYG,,,0,0,
11895,TE,Steve,Maneri,0,1,4500,CLE@NYJ,NYJ,CLE,,,0,0,
39970,K,Jordan,Gay,0,16,4500,IND@BUF,BUF,IND,,,0,0,
29449,WR,Ryan,Murphy,0,0,4500,SEA@STL,SEA,STL,,,0,0,
11871,RB,Richie,Brockel,0,4,4500,CAR@JAC,CAR,JAC,P,Shoulder,0,0,
34224,TE,Kennard,Backman,0,0,4500,GB@CHI,GB,CHI,,,0,0,
60305,WR,Douglas,McNeil,0,0,4500,SEA@STL,SEA,STL,,,0,0,
29477,TE,Connor,Hamlett,0,0,4500,CAR@JAC,JAC,CAR,,,0,0,
14315,WR,Tandon,Doss,0,0,4500,CAR@JAC,JAC,CAR,,,0,0,
27266,WR,Quincy,Enunwa,0,1,4500,CLE@NYJ,NYJ,CLE,,,0,0,
12199,WR,Andy,Tanner,0,0,4500,NO@ARI,NO,ARI,,,0,0,
31322,WR,Emory,Blake,0,0,4500,SEA@STL,STL,SEA,,,0,0,
31348,RB,J.C.,Copeland,0,0,4500,CLE@NYJ,NYJ,CLE,,,0,0,
31346,RB,Connor,Neighbors,0,0,4500,TEN@TB,TEN,TB,IR,,0,0,
25554,RB,Nikita,Whitlock,0,0,4500,NYG@DAL,NYG,DAL,,,0,0,
31333,RB,Kenny,Hilliard,0,0,4500,KC@HOU,HOU,KC,,,0,0,
44678,WR,Titus,Davis,0,0,4500,DET@SD,SD,DET,,,0,0,
25513,WR,Darius,Jennings,0,0,4500,CLE@NYJ,CLE,NYJ,,,0,0,
29357,RB,Kenjon,Barner,0,0,4500,PHI@ATL,PHI,ATL,,,0,0,
27403,TE,Blake,Bell,0,0,4500,MIN@SF,SF,MIN,,,0,0,
27411,RB,Aaron,Ripkowski,0,0,4500,GB@CHI,GB,CHI,,,0,0,
31269,RB,Corey,Grant,0,0,4500,CAR@JAC,JAC,CAR,,,0,0,
40296,WR,Damond,Powell,0,0,4500,NO@ARI,ARI,NO,O,Face,0,0,
44560,TE,Alex,Bayer,0,6,4500,SEA@STL,STL,SEA,,,0,0,
38338,WR,Jonathon,Rumph,0,0,4500,CLE@NYJ,NYJ,CLE,,,0,0,
31459,RB,Spencer,Ware,0,0,4500,KC@HOU,KC,HOU,,,0,0,
22763,WR,Nathan,Palmer,0,0,4500,BAL@DEN,DEN,BAL,,,0,0,
22765,K,Giorgio,Tavecchio,0,0,4500,CIN@OAK,OAK,CIN,,,0,0,
31419,RB,Terrence,Magee,0,0,4500,BAL@DEN,BAL,DEN,,,0,0,
33981,TE,Eric,Frohnapfel,0,0,4500,DET@SD,SD,DET,,,0,0,
27536,WR,Josh,Stewart,0,0,4500,TEN@TB,TEN,TB,,,0,0,
26715,WR,Josh,Lenz,0,0,4500,CLE@NYJ,CLE,NYJ,,,0,0,
44422,RB,Jahwan,Edwards,0,0,4500,DET@SD,SD,DET,,,0,0,
31093,WR,Javontee,Herndon,0,0,4500,DET@SD,SD,DET,,,0,0,
24812,WR,Rodney,Smith,0,4,4500,CLE@NYJ,CLE,NYJ,,,0,0,
31049,WR,Christion,Jones,0,0,4500,MIA@WAS,MIA,WAS,,,0,0,
24803,RB,James,Wilder Jr.,0,0,4500,CIN@OAK,CIN,OAK,,,0,0,
31052,TE,Brian,Vogler,0,0,4500,GB@CHI,CHI,GB,,,0,0,
24817,TE,Nick,O'Leary,0,0,4500,IND@BUF,BUF,IND,,,0,0,
38523,TE,Geoff,Swaim,0,0,4500,NYG@DAL,DAL,NYG,,,0,0,
36772,WR,Corbin,Louks,0,0,4500,BAL@DEN,DEN,BAL,,,0,0,
26652,TE,Nick,Kasa,0,0,4500,CIN@OAK,OAK,CIN,,,0,0,
46199,WR,Colin,Lockett,0,0,4500,MIA@WAS,WAS,MIA,,,0,0,
11457,WR,Arrelious,Benn,0,0,4500,CAR@JAC,JAC,CAR,IR,Collarbone,0,0,
29084,WR,Rashad,Ross,0,2,4500,MIA@WAS,WAS,MIA,,,0,0,
30990,RB,Jalston,Fowler,0,0,4500,TEN@TB,TEN,TB,,,0,0,
29061,WR,Tyler,Slavin,0,0,4500,SEA@STL,STL,SEA,,,0,0,
15838,TE,Erik,Swoope,0,0,4500,IND@BUF,IND,BUF,,,0,0,
24755,WR,Jamison,Crowder,0,0,4500,MIA@WAS,WAS,MIA,,,0,0,
26834,WR,Andrew,Turzilli,0,0,4500,TEN@TB,TEN,TB,IR,,0,0,
31207,TE,C.J.,Uzomah,0,0,4500,CIN@OAK,CIN,OAK,,,0,0,
29053,WR,Austin,Hill,0,0,4500,CLE@NYJ,NYJ,CLE,,,0,0,
38617,WR,Deon,Long,0,0,4500,TEN@TB,TEN,TB,,,0,0,
46270,WR,Ezell,Ruffin,0,0,4500,IND@BUF,IND,BUF,,,0,0,
24671,WR,Adam,Humphries,0,0,4500,TEN@TB,TB,TEN,,,0,0,
31179,WR,Demetrius,Wilson,0,0,4500,DET@SD,SD,DET,,,0,0,
8050,TE,Zach,Miller,0,0,4500,GB@CHI,CHI,GB,,,0,0,
48224,TE,Wes,Saxton,0,0,4500,CLE@NYJ,NYJ,CLE,,,0,0,
31157,WR,Cobi,Hamilton,0,0,4500,MIA@WAS,MIA,WAS,,,0,0,
31118,RB,Kiero,Small,0,3,4500,BAL@DEN,BAL,DEN,,,0,0,
31109,K,Zach,Hocker,0,0,4500,NO@ARI,NO,ARI,,,0,0,
24622,WR,Daniel,Rodriguez,0,0,4500,SEA@STL,STL,SEA,,,0,0,
28933,WR,Jared,Abbrederis,0,0,4500,GB@CHI,GB,CHI,,,0,0,
25052,RB,Zach,Laskey,0,0,4500,SEA@STL,STL,SEA,,,0,0,
23042,TE,Jamie,Childers,0,0,4500,CAR@JAC,CAR,JAC,,,0,0,
57556,TE,Jerome,Cunningham,0,0,4500,NYG@DAL,NYG,DAL,,,0,0,
30805,K,Michael,Palardy,0,0,4500,SEA@STL,STL,SEA,,,0,0,
34377,TE,Mike,McFarland,0,0,4500,KC@HOU,HOU,KC,IR,Foot,0,0,
51735,WR,Fred,Williams,0,0,4500,KC@HOU,KC,HOU,,,0,0,
26998,WR,Marquez,Clark,0,0,4500,PHI@ATL,ATL,PHI,,,0,0,
30790,RB,Rajion,Neal,0,0,4500,GB@CHI,GB,CHI,,,0,0,
7918,TE,Matthew,Mulligan,0,4,4500,IND@BUF,BUF,IND,,,0,0,
24985,RB,Synjyn,Days,0,0,4500,NYG@DAL,DAL,NYG,,,0,0,
28850,WR,Manasseh,Garner,0,0,4500,CLE@NYJ,CLE,NYJ,,,0,0,
28815,RB,Akeem,Hunt,0,0,4500,NYG@DAL,NYG,DAL,IR,Hamstring,0,0,
28807,TE,Gabe,Holmes,0,0,4500,CIN@OAK,OAK,CIN,,,0,0,
25011,WR,Darren,Waller,0,0,4500,BAL@DEN,BAL,DEN,,,0,0,
26934,RB,Toben,Opurum,0,0,4500,NO@ARI,NO,ARI,,,0,0,
59424,TE,Taylor,Sloat,0,0,4500,TEN@TB,TB,TEN,,,0,0,
11522,WR,Marcus,Easley,0,10,4500,IND@BUF,BUF,IND,,,0,0,
24923,WR,Jarred,Haggins,0,0,4500,DET@SD,DET,SD,,,0,0,
11525,WR,Jacoby,Ford,0,0,4500,TEN@TB,TEN,TB,,,0,0,
27096,WR,Marcus,Lucas,0,0,4500,CAR@JAC,CAR,JAC,,,0,0,
27090,WR,Jimmie,Hunt,0,0,4500,GB@CHI,GB,CHI,,,0,0,
24907,RB,Karlos,Williams,0,0,4500,IND@BUF,BUF,IND,P,Undisclosed,0,0,
44090,RB,Alonzo,Harris,0,0,4500,GB@CHI,GB,CHI,,,0,0,
28744,RB,Raheem,Mostert,0,0,4500,PHI@ATL,PHI,ATL,,,0,0,
57348,RB,Glenn,Winston,0,5,4500,CLE@NYJ,CLE,NYJ,O,Knee,0,0,
7703,WR,Jerome,Simpson,0,0,4500,MIN@SF,SF,MIN,O,Suspension,0,0,
24862,WR,Rashad,Greene,0,0,4500,CAR@JAC,JAC,CAR,,,0,0,
11584,WR,Carlton,Mitchell,0,0,4500,PHI@ATL,ATL,PHI,,,0,0,
28720,TE,Justin,Sinz,0,0,4500,IND@BUF,IND,BUF,,,0,0,
28721,RB,Brandon,Cottom,0,0,4500,SEA@STL,SEA,STL,,,0,0,
11604,TE,Anthony,McCoy,0,0,4500,SEA@STL,SEA,STL,,,0,0,
24847,TE,Will,Tye,0,0,4500,NYG@DAL,NYG,DAL,,,0,0,
30883,K,Carey,Spear,0,0,4500,CLE@NYJ,CLE,NYJ,,,0,0,
11629,WR,Kyle,Williams,0,0,4500,BAL@DEN,DEN,BAL,IR,Achilles,0,0,
11638,TE,Mickey,Shuler,0,3,4500,PHI@ATL,ATL,PHI,,,0,0,
12544,D,New York,Jets,0,0,4400,CLE@NYJ,NYJ,CLE,,,0,0,
12540,D,Minnesota,Vikings,0,0,4400,MIN@SF,MIN,SF,,,0,0,
12545,D,Philadelphia,Eagles,0,0,4300,PHI@ATL,PHI,ATL,,,0,0,
12546,D,Arizona,Cardinals,0,0,4300,NO@ARI,ARI,NO,,,0,0,
12536,D,Kansas City,Chiefs,0,0,4300,KC@HOU,KC,HOU,,,0,0,
12538,D,St Louis,Rams,0,0,4300,SEA@STL,STL,SEA,,,0,0,
12532,D,Detroit,Lions,0,0,4300,DET@SD,DET,SD,,,0,0,
12535,D,Indianapolis,Colts,0,0,4300,IND@BUF,IND,BUF,,,0,0,
12548,D,San Diego,Chargers,0,0,4200,DET@SD,SD,DET,,,0,0,
12554,D,Jacksonville,Jaguars,0,0,4200,CAR@JAC,JAC,CAR,,,0,0,
12531,D,Denver,Broncos,0,0,4200,BAL@DEN,DEN,BAL,,,0,0,
12530,D,Dallas,Cowboys,0,0,4200,NYG@DAL,DAL,NYG,,,0,0,
12552,D,Washington,Redskins,0,0,4100,MIA@WAS,WAS,MIA,,,0,0,
12555,D,Baltimore,Ravens,0,0,4100,BAL@DEN,BAL,DEN,,,0,0,
12525,D,Atlanta,Falcons,0,0,4100,PHI@ATL,ATL,PHI,,,0,0,
12543,D,New York,Giants,0,0,4100,NYG@DAL,NYG,DAL,,,0,0,
12542,D,New Orleans,Saints,0,0,4100,NO@ARI,NO,ARI,,,0,0,
12527,D,Chicago,Bears,0,0,4000,GB@CHI,CHI,GB,,,0,0,
12537,D,Oakland,Raiders,0,0,4000,CIN@OAK,OAK,CIN,,,0,0,
14377,QB,Tyrod,Taylor,-0.1,1,5000,IND@BUF,BUF,IND,,,0,0,
45821,WR,Isaiah,Burse,-0.2,12,4500,BAL@DEN,DEN,BAL,,,0,0,
54621,WR,Walt,Powell,-0.5,4,4500,CLE@NYJ,NYJ,CLE,,,0,0,
