"Id","Position","First Name","Last Name","FPPG","Played","Salary","Game","Team","Opponent","Injury Indicator","Injury Details","",""
"6894","QB","Aaron","Rodgers","22.3","16","9700","GB@CHI","GB","CHI","","","",""
"21939","QB","Andrew","Luck","23","16","9200","IND@BUF","IND","BUF","","","",""
"6703","RB","Adrian","Peterson","10.3","1","9200","MIN@SF","MIN","SF","","","",""
"6661","QB","Peyton","Manning","20.2","16","9100","BAL@DEN","DEN","BAL","","","",""
"10777","RB","Arian","Foster","19.6","13","9000","KC@HOU","HOU","KC","O","Groin","",""
"14190","WR","Julio","Jones","16.4","15","9000","PHI@ATL","ATL","PHI","","","",""
"6504","QB","Drew","Brees","20","16","8900","NO@ARI","NO","ARI","","","",""
"6728","RB","Jamaal","Charles","15.4","15","8900","KC@HOU","KC","HOU","","","",""
"31360","WR","Odell","Beckham Jr.","20.8","12","8900","NYG@DAL","NYG","DAL","","","",""
"22015","QB","Russell","Wilson","20.9","16","8800","SEA@STL","SEA","STL","","","",""
"6616","QB","Matt","Ryan","18.5","16","8800","PHI@ATL","ATL","PHI","","","",""
"6899","RB","Matt","Forte","18.5","16","8800","GB@CHI","CHI","GB","","","",""
"11432","WR","Demaryius","Thomas","17.8","16","8800","BAL@DEN","DEN","BAL","","","",""
"6639","QB","Tony","Romo","18.4","15","8700","NYG@DAL","DAL","NYG","","","",""
"11435","WR","Dez","Bryant","17","16","8700","NYG@DAL","DAL","NYG","P","Hamstring","",""
"6893","WR","Jordy","Nelson","17.4","16","8600","GB@CHI","GB","CHI","IR","Knee","",""
"31397","RB","Jeremy","Hill","12.3","16","8600","CIN@OAK","CIN","OAK","","","",""
"9371","RB","Marshawn","Lynch","17.7","16","8600","SEA@STL","SEA","STL","","","",""
"6655","WR","Calvin","Johnson","14.7","13","8500","DET@SD","DET","SD","","","",""
"14254","RB","DeMarco","Murray","20.2","16","8500","PHI@ATL","PHI","ATL","","","",""
"30968","RB","Eddie","Lacy","15.7","16","8500","GB@CHI","GB","CHI","","","",""
"21980","WR","Alshon","Jeffery","13.7","16","8400","GB@CHI","CHI","GB","Q","Calf","",""
"6779","RB","LeSean","McCoy","11.6","16","8400","IND@BUF","BUF","IND","Q","Hamstring","",""
"14185","QB","Cam","Newton","18.5","14","8400","CAR@JAC","CAR","JAC","","","",""
"14257","WR","Randall","Cobb","15.5","16","8400","GB@CHI","GB","CHI","Q","Shoulder","",""
"29249","RB","C.J.","Anderson","13","15","8400","BAL@DEN","DEN","BAL","","","",""
"32384","WR","Mike","Evans","14.1","15","8300","TEN@TB","TB","TEN","Q","Hamstring","",""
"6826","QB","Eli","Manning","17.7","16","8300","NYG@DAL","NYG","DAL","","","",""
"14187","WR","A.J.","Green","13.1","13","8300","CIN@OAK","CIN","OAK","","","",""
"6714","QB","Joe","Flacco","17.2","16","8200","BAL@DEN","BAL","DEN","","","",""
"11505","WR","Emmanuel","Sanders","15.7","16","8200","BAL@DEN","DEN","BAL","P","Hamstring","",""
"7968","QB","Philip","Rivers","17.7","16","8100","DET@SD","SD","DET","P","Hand","",""
"21948","QB","Ryan","Tannehill","18.2","16","8000","MIA@WAS","MIA","WAS","","","",""
"6898","QB","Jay","Cutler","17.7","15","7900","GB@CHI","CHI","GB","","","",""
"14231","QB","Colin","Kaepernick","16.3","16","7900","MIN@SF","SF","MIN","","","",""
"29253","WR","Keenan","Allen","9.8","14","7900","DET@SD","SD","DET","","","",""
"24682","RB","Andre","Ellington","12.9","12","7900","NO@ARI","ARI","NO","","","",""
"6654","QB","Matthew","Stafford","16.3","16","7800","DET@SD","DET","SD","","","",""
"6857","RB","Justin","Forsett","14.1","16","7800","BAL@DEN","BAL","DEN","","","",""
"22031","WR","T.Y.","Hilton","14.5","15","7800","IND@BUF","IND","BUF","Q","Concussion","",""
"16606","WR","DeAndre","Hopkins","12.1","16","7800","KC@HOU","HOU","KC","","","",""
"14211","RB","Mark","Ingram","13.6","13","7800","NO@ARI","NO","ARI","","","",""
"6748","QB","Carson","Palmer","17.8","6","7700","NO@ARI","ARI","NO","","","",""
"6618","WR","Roddy","White","12.3","14","7600","PHI@ATL","ATL","PHI","Q","Elbow","",""
"7283","WR","Jeremy","Maclin","14.6","16","7600","KC@HOU","KC","HOU","","","",""
"24641","WR","Sammy","Watkins","10.3","16","7600","IND@BUF","BUF","IND","","","",""
"6840","RB","Frank","Gore","9.6","16","7500","IND@BUF","IND","BUF","","","",""
"11414","QB","Sam","Bradford","0","0","7500","PHI@ATL","PHI","ATL","","","",""
"24929","WR","Kelvin","Benjamin","11.8","16","7500","CAR@JAC","CAR","JAC","IR","Knee","",""
"22113","RB","Alfred","Morris","11.2","16","7400","MIA@WAS","WAS","MIA","","","",""
"6759","WR","Brandon","Marshall","11.4","13","7400","CLE@NYJ","NYJ","CLE","","","",""
"29501","WR","Brandin","Cooks","11.3","10","7400","NO@ARI","NO","ARI","","","",""
"34331","RB","Latavius","Murray","5.1","15","7400","CIN@OAK","OAK","CIN","","","",""
"21941","QB","Robert","Griffin III","10.4","9","7300","MIA@WAS","WAS","MIA","Q","Concussion","",""
"28473","RB","Carlos","Hyde","4.9","14","7300","MIN@SF","SF","MIN","","","",""
"22037","RB","Lamar","Miller","12.8","16","7300","MIA@WAS","MIA","WAS","","","",""
"31261","RB","Tre","Mason","10.6","12","7300","SEA@STL","STL","SEA","Q","Hamstring","",""
"33259","QB","Teddy","Bridgewater","14.4","13","7200","MIN@SF","MIN","SF","","","",""
"25290","RB","Giovani","Bernard","12.8","13","7200","CIN@OAK","CIN","OAK","","","",""
"7953","WR","Vincent","Jackson","9.1","16","7200","TEN@TB","TB","TEN","","","",""
"6739","WR","DeSean","Jackson","12.1","15","7100","MIA@WAS","WAS","MIA","P","Shoulder","",""
"6733","RB","Jonathan","Stewart","10.3","13","7100","CAR@JAC","CAR","JAC","","","",""
"14225","QB","Andy","Dalton","15","16","7100","CIN@OAK","CIN","OAK","P","Neck","",""
"29358","QB","Marcus","Mariota","0","0","7100","TEN@TB","TEN","TB","","","",""
"11485","WR","Golden","Tate","13.1","16","7100","DET@SD","DET","SD","","","",""
"31001","WR","Amari","Cooper","0","0","7100","CIN@OAK","OAK","CIN","","","",""
"28900","RB","Melvin","Gordon","0","0","7100","DET@SD","SD","DET","","","",""
"31061","RB","T.J.","Yeldon","0","0","7000","CAR@JAC","JAC","CAR","","","",""
"21970","RB","Doug","Martin","6.8","11","6900","TEN@TB","TB","TEN","","","",""
"6681","WR","Andre","Johnson","9.9","15","6900","IND@BUF","IND","BUF","","","",""
"27553","RB","Joseph","Randle","3.3","16","6900","NYG@DAL","DAL","NYG","","","",""
"31394","WR","Jarvis","Landry","8.7","16","6900","MIA@WAS","MIA","WAS","","","",""
"11512","TE","Jimmy","Graham","11.7","16","6900","SEA@STL","SEA","STL","","","",""
"24849","QB","Jameis","Winston","0","0","6900","TEN@TB","TB","TEN","P","Ankle","",""
"26483","QB","Geno","Smith","11.7","14","6800","CLE@NYJ","NYJ","CLE","O","Jaw","",""
"7659","QB","Ryan","Fitzpatrick","15.6","12","6800","CLE@NYJ","NYJ","CLE","","","",""
"30837","WR","Jordan","Matthews","10.5","16","6800","PHI@ATL","PHI","ATL","","","",""
"27776","RB","Tevin","Coleman","0","0","6700","PHI@ATL","ATL","PHI","","","",""
"6735","WR","Steve","Smith","11.3","16","6700","BAL@DEN","BAL","DEN","","","",""
"6479","WR","Anquan","Boldin","11.1","16","6600","MIN@SF","SF","MIN","","","",""
"6687","QB","Mark","Sanchez","16.7","9","6600","PHI@ATL","PHI","ATL","","","",""
"8005","QB","Alex","Smith","15.1","15","6600","KC@HOU","KC","HOU","","","",""
"8052","RB","Rashad","Jennings","11.2","11","6600","NYG@DAL","NYG","DAL","","","",""
"7806","RB","Darren","McFadden","6.4","16","6600","NYG@DAL","DAL","NYG","","","",""
"7778","QB","Matt","Cassel","8.9","3","6600","IND@BUF","BUF","IND","","","",""
"30447","RB","Todd","Gurley","0","0","6500","SEA@STL","STL","SEA","O","Knee","",""
"14267","QB","Ryan","Mallett","7.3","3","6500","KC@HOU","HOU","KC","","","",""
"14245","RB","Shane","Vereen","8.7","16","6500","NYG@DAL","NYG","DAL","","","",""
"7872","QB","Brian","Hoyer","12.1","14","6500","KC@HOU","HOU","KC","","","",""
"11712","RB","Joique","Bell","12.1","15","6500","DET@SD","DET","SD","Q","Knee","",""
"24920","RB","Devonta","Freeman","4.5","16","6500","PHI@ATL","ATL","PHI","P","Hamstring","",""
"6607","WR","Mike","Wallace","11.2","16","6400","MIN@SF","MIN","SF","","","",""
"22027","QB","Nick","Foles","16.2","8","6400","SEA@STL","STL","SEA","","","",""
"11864","RB","Christopher","Ivory","9","16","6400","CLE@NYJ","NYJ","CLE","","","",""
"34308","QB","Blake","Bortles","13.1","14","6400","CAR@JAC","JAC","CAR","","","",""
"24949","QB","E.J.","Manuel","12.3","5","6400","IND@BUF","BUF","IND","","","",""
"45859","QB","Derek","Carr","12.7","16","6300","CIN@OAK","OAK","CIN","","","",""
"29991","RB","Bishop","Sankey","5.5","16","6300","TEN@TB","TEN","TB","","","",""
"6803","QB","Josh","McCown","12.8","11","6300","CLE@NYJ","CLE","NYJ","","","",""
"11999","WR","Victor","Cruz","8.5","6","6300","NYG@DAL","NYG","DAL","Q","Calf","",""
"11419","RB","C.J.","Spiller","6.9","9","6300","NO@ARI","NO","ARI","Q","Knee","",""
"6448","TE","Martellus","Bennett","11","16","6200","GB@CHI","CHI","GB","","","",""
"31871","RB","Charles","Sims","6.4","8","6200","TEN@TB","TB","TEN","","","",""
"7660","RB","Fred","Jackson","11.1","14","6200","IND@BUF","BUF","IND","","","",""
"21952","WR","Michael","Floyd","8.9","16","6100","NO@ARI","ARI","NO","Q","Finger","",""
"54684","RB","Isaiah","Crowell","7.4","16","6100","CLE@NYJ","CLE","NYJ","","","",""
"28643","WR","Allen","Robinson","9.3","10","6100","CAR@JAC","JAC","CAR","","","",""
"14626","WR","Doug","Baldwin","8.4","16","6100","SEA@STL","SEA","STL","","","",""
"14288","WR","Torrey","Smith","10.5","16","6100","MIN@SF","SF","MIN","P","Knee","",""
"7844","QB","Chad","Henne","10.4","3","6100","CAR@JAC","JAC","CAR","","","",""
"33076","TE","Travis","Kelce","9.4","16","6000","KC@HOU","KC","HOU","P","Leg","",""
"54606","WR","John","Brown","7.7","16","6000","NO@ARI","ARI","NO","","","",""
"6883","WR","Larry","Fitzgerald","8.6","14","6000","NO@ARI","ARI","NO","","","",""
"22038","QB","Kirk","Cousins","16.2","6","6000","MIA@WAS","WAS","MIA","","","",""
"31073","RB","Knile","Davis","7.1","16","6000","KC@HOU","KC","HOU","","","",""
"11501","WR","Eric","Decker","10.9","15","6000","CLE@NYJ","NYJ","CLE","","","",""
"9421","RB","Danny","Woodhead","3.2","3","6000","DET@SD","SD","DET","","","",""
"32415","QB","Johnny","Manziel","2.8","5","5900","CLE@NYJ","CLE","NYJ","Q","Elbow","",""
"6914","TE","Greg","Olsen","11.2","16","5900","CAR@JAC","CAR","JAC","","","",""
"27229","RB","Ameer","Abdullah","0","0","5900","DET@SD","DET","SD","","","",""
"11425","RB","Ryan","Mathews","10.4","6","5900","PHI@ATL","PHI","ATL","","","",""
"7952","WR","Malcom","Floyd","9.2","16","5900","DET@SD","SD","DET","","","",""
"21994","QB","Brock","Osweiler","1.5","4","5800","BAL@DEN","DEN","BAL","","","",""
"21957","WR","Kendall","Wright","10","14","5800","TEN@TB","TEN","TB","","","",""
"6641","TE","Jason","Witten","8.3","16","5800","NYG@DAL","DAL","NYG","","","",""
"25837","RB","Duke","Johnson","0","0","5800","CLE@NYJ","CLE","NYJ","Q","Concussion","",""
"28088","RB","Denard","Robinson","7.9","13","5800","CAR@JAC","JAC","CAR","","","",""
"31421","QB","Zach","Mettenberger","11.1","7","5800","TEN@TB","TEN","TB","","","",""
"31406","RB","Alfred","Blue","5.6","16","5800","KC@HOU","HOU","KC","","","",""
"7972","RB","Darren","Sproles","9.2","15","5800","PHI@ATL","PHI","ATL","","","",""
"21959","QB","Brandon","Weeden","4.2","5","5700","NYG@DAL","DAL","NYG","P","Head","",""
"26141","QB","Ryan","Nassib","0.5","4","5700","NYG@DAL","NYG","DAL","","","",""
"54608","RB","Jerick","McKinnon","7.3","11","5700","MIN@SF","MIN","SF","","","",""
"22047","TE","Ladarius","Green","2.3","14","5700","DET@SD","SD","DET","","","",""
"28860","RB","Montee","Ball","6.4","5","5700","BAL@DEN","DEN","BAL","","","",""
"8803","QB","Chase","Daniel","2.6","3","5600","KC@HOU","KC","HOU","","","",""
"47640","RB","Branden","Oliver","9.1","14","5600","DET@SD","SD","DET","","","",""
"39449","WR","Charles","Johnson","6.3","12","5600","MIN@SF","MIN","SF","","","",""
"6808","QB","Matt","Moore","0.3","2","5600","MIA@WAS","MIA","WAS","","","",""
"6704","WR","Percy","Harvin","8","13","5600","IND@BUF","BUF","IND","P","Hip","",""
"29593","WR","Marqise","Lee","5.2","13","5600","CAR@JAC","JAC","CAR","Q","Hamstring","",""
"22848","QB","Austin","Davis","11.7","10","5600","SEA@STL","STL","SEA","","","",""
"14194","QB","Blaine","Gabbert","6","1","5600","MIN@SF","SF","MIN","","","",""
"14268","RB","Stevan","Ridley","8.3","6","5600","CLE@NYJ","NYJ","CLE","NA","Knee","",""
"14305","RB","Roy","Helu","7.6","14","5600","CIN@OAK","OAK","CIN","","","",""
"14317","TE","Julius","Thomas","11","13","5600","CAR@JAC","JAC","CAR","O","Finger","",""
"9392","WR","Michael","Crabtree","8","16","5600","CIN@OAK","OAK","CIN","","","",""
"6645","WR","Marques","Colston","9.2","16","5500","NO@ARI","NO","ARI","","","",""
"6643","RB","Reggie","Bush","7.9","11","5500","MIN@SF","SF","MIN","","","",""
"45889","WR","Davante","Adams","5.1","16","5500","GB@CHI","GB","CHI","","","",""
"54612","RB","Lorenzo","Taliaferro","5.1","13","5500","BAL@DEN","BAL","DEN","D","Knee","",""
"30244","RB","Matt","Jones","0","0","5500","MIA@WAS","WAS","MIA","","","",""
"54607","RB","Terrance","West","7.7","14","5500","TEN@TB","TEN","TB","","","",""
"25694","RB","Andre","Williams","8.5","16","5500","NYG@DAL","NYG","DAL","","","",""
"6679","QB","Matt","Schaub","0.1","11","5500","BAL@DEN","BAL","DEN","","","",""
"6682","TE","Owen","Daniels","6.7","15","5500","BAL@DEN","DEN","BAL","","","",""
"22130","RB","Dan","Herron","4.1","16","5500","IND@BUF","IND","BUF","","","",""
"6774","WR","Pierre","Garcon","8","16","5500","MIA@WAS","WAS","MIA","","","",""
"29683","WR","Nelson","Agholor","0","0","5500","PHI@ATL","PHI","ATL","","","",""
"34295","WR","Breshad","Perriman","0","0","5500","BAL@DEN","BAL","DEN","D","Knee","",""
"14292","TE","Jordan","Cameron","6.6","10","5500","MIA@WAS","MIA","WAS","","","",""
"38269","RB","Cameron","Artis-Payne","0","0","5500","CAR@JAC","CAR","JAC","","","",""
"27441","RB","Damien","Williams","3","16","5500","MIA@WAS","MIA","WAS","","","",""
"38514","WR","Kevin","White","0","0","5500","GB@CHI","CHI","GB","NA","Leg","",""
"11466","QB","Jimmy","Clausen","4.2","4","5500","GB@CHI","CHI","GB","Q","Concussion","",""
"22003","RB","Ronnie","Hillman","11.5","8","5400","BAL@DEN","DEN","BAL","","","",""
"22004","TE","Dwayne","Allen","7.8","13","5400","IND@BUF","IND","BUF","","","",""
"21972","WR","Brian","Quick","9.7","7","5400","SEA@STL","STL","SEA","P","Shoulder","",""
"6535","WR","Kenny","Britt","7.4","16","5400","SEA@STL","STL","SEA","","","",""
"28249","RB","David","Cobb","0","0","5400","TEN@TB","TEN","TB","IR","Calf","",""
"33260","WR","DeVante","Parker","0","0","5400","MIA@WAS","MIA","WAS","Q","Foot","",""
"6488","WR","Dwayne","Bowe","7.1","15","5400","CLE@NYJ","CLE","NYJ","P","Hamstring","",""
"6373","QB","Derek","Anderson","8.4","6","5400","CAR@JAC","CAR","JAC","","","",""
"47294","RB","Terrence","Franks","0","0","5400","SEA@STL","STL","SEA","","","",""
"6814","QB","Tarvaris","Jackson","6.1","1","5400","SEA@STL","SEA","STL","Q","Leg","",""
"6863","TE","Delanie","Walker","9.6","15","5400","TEN@TB","TEN","TB","","","",""
"29780","TE","Zach","Ertz","7.2","16","5400","PHI@ATL","PHI","ATL","Q","Groin","",""
"29645","RB","Javorius","Allen","0","0","5400","BAL@DEN","BAL","DEN","","","",""
"29685","WR","Robert","Woods","8.3","16","5400","IND@BUF","BUF","IND","P","Hip","",""
"14198","QB","Christian","Ponder","6.7","2","5400","CIN@OAK","OAK","CIN","","","",""
"14307","WR","Cecil","Shorts","7","13","5400","KC@HOU","HOU","KC","","","",""
"27457","WR","Kenny","Stills","9.5","15","5400","MIA@WAS","MIA","WAS","","","",""
"46882","RB","Jay","Ajayi","0","0","5400","MIA@WAS","MIA","WAS","IR","Ribs","",""
"8071","QB","Dan","Orlovsky","2.5","1","5400","DET@SD","DET","SD","","","",""
"8051","QB","Luke","McCown","0","16","5400","NO@ARI","NO","ARI","","","",""
"7919","QB","Kellen","Clemens","3.4","2","5400","DET@SD","SD","DET","","","",""
"7744","QB","Drew","Stanton","10.9","9","5400","NO@ARI","ARI","NO","","","",""
"11609","RB","James","Starks","4.3","16","5400","GB@CHI","GB","CHI","","","",""
"21999","WR","Rueben","Randle","9.2","16","5300","NYG@DAL","NYG","DAL","","","",""
"41807","RB","Michael","Dyer","0","0","5300","CIN@OAK","OAK","CIN","","","",""
"39373","WR","Jaelen","Strong","0","0","5300","KC@HOU","HOU","KC","","","",""
"62497","RB","David","Johnson","0","0","5300","NO@ARI","ARI","NO","","","",""
"14696","QB","Scott","Tolzien","0","0","5300","GB@CHI","GB","CHI","","","",""
"22219","WR","Jermaine","Kearse","5.4","15","5300","SEA@STL","SEA","STL","","","",""
"6844","QB","Shaun","Hill","10.8","9","5300","MIN@SF","MIN","SF","","","",""
"6870","TE","Vernon","Davis","3.6","14","5300","MIN@SF","SF","MIN","","","",""
"31836","WR","Terrance","Williams","8","16","5300","NYG@DAL","DAL","NYG","","","",""
"22054","WR","Jarius","Wright","6.2","16","5300","MIN@SF","MIN","SF","","","",""
"14344","QB","T.J.","Yates","1.6","1","5300","PHI@ATL","ATL","PHI","","","",""
"14237","TE","Kyle","Rudolph","5.2","9","5300","MIN@SF","MIN","SF","","","",""
"25410","QB","Mike","Glennon","15.9","6","5300","TEN@TB","TB","TEN","","","",""
"31047","QB","AJ","McCarron","0","0","5300","CIN@OAK","CIN","OAK","","","",""
"29003","RB","Ka'Deem","Carey","1.7","14","5300","GB@CHI","CHI","GB","","","",""
"21123","TE","Larry","Donnell","7.6","16","5300","NYG@DAL","NYG","DAL","","","",""
"28677","QB","Matt","McGloin","7.5","1","5300","CIN@OAK","OAK","CIN","","","",""
"21940","RB","Trent","Richardson","7","15","5200","CIN@OAK","OAK","CIN","","","",""
"14761","WR","Andre","Holmes","7.3","16","5200","CIN@OAK","OAK","CIN","Q","Hand","",""
"39455","RB","Kerwynn","Williams","5.3","5","5200","NO@ARI","ARI","NO","","","",""
"39492","TE","Josh","Hill","3.4","16","5200","NO@ARI","NO","ARI","","","",""
"22165","RB","Bryce","Brown","5.2","7","5200","IND@BUF","BUF","IND","P","Hamstring","",""
"22018","WR","Mohamed","Sanu","9.5","16","5200","CIN@OAK","CIN","OAK","","","",""
"14320","RB","Bilal","Powell","2.3","15","5200","CLE@NYJ","NYJ","CLE","Q","Ankle","",""
"11454","RB","Dexter","McCluster","3.6","14","5200","TEN@TB","TEN","TB","","","",""
"11436","QB","Tim","Tebow","0","0","5200","PHI@ATL","PHI","ATL","","","",""
"23045","K","Justin","Tucker","8.8","16","5200","BAL@DEN","BAL","DEN","","","",""
"7761","TE","Jared","Cook","6.7","16","5200","SEA@STL","STL","SEA","","","",""
"11562","TE","Andrew","Quarless","4.1","16","5200","GB@CHI","GB","CHI","","","",""
"21984","RB","Isaiah","Pead","0","0","5100","SEA@STL","STL","SEA","","","",""
"21971","TE","Coby","Fleener","9.4","16","5100","IND@BUF","IND","BUF","","","",""
"6427","K","Connor","Barth","13","5","5100","TEN@TB","TB","TEN","","","",""
"37245","RB","Foswhitt","Whittaker","3.5","10","5100","CAR@JAC","CAR","JAC","","","",""
"32354","WR","Malcome","Kennedy","0","0","5100","NO@ARI","NO","ARI","","","",""
"47953","WR","Lucky","Whitehead","0","0","5100","NYG@DAL","DAL","NYG","","","",""
"14757","RB","Matt","Asiata","11.5","15","5100","MIN@SF","MIN","SF","","","",""
"39649","RB","Benny","Cunningham","6.4","16","5100","SEA@STL","STL","SEA","","","",""
"27847","WR","Shane","Wynn","0","0","5100","CLE@NYJ","CLE","NYJ","","","",""
"6897","K","Mason","Crosby","9.2","16","5100","GB@CHI","GB","CHI","","","",""
"6724","K","Steven","Hauschka","9.2","16","5100","SEA@STL","SEA","STL","","","",""
"34288","WR","Rannell","Hall","0","0","5100","TEN@TB","TB","TEN","","","",""
"34275","RB","Storm","Johnson","3.5","6","5100","CAR@JAC","JAC","CAR","","","",""
"30807","TE","Mychal","Rivera","6.5","16","5100","CIN@OAK","OAK","CIN","","","",""
"11532","TE","Dennis","Pitta","6.8","3","5100","BAL@DEN","BAL","DEN","NA","Hip","",""
"27134","WR","Dorial","Green-Beckham","0","0","5100","TEN@TB","TEN","TB","P","Ankle","",""
"30610","QB","Dylan","Thompson","0","0","5000","MIN@SF","SF","MIN","","","",""
"30640","QB","Connor","Shaw","5","1","5000","CLE@NYJ","CLE","NYJ","IR","Thumb","",""
"43956","QB","David","Fales","0","0","5000","GB@CHI","CHI","GB","","","",""
"26355","QB","Logan","Thomas","3.6","2","5000","MIA@WAS","MIA","WAS","","","",""
"33128","QB","Shane","Carden","0","0","5000","GB@CHI","CHI","GB","","","",""
"45797","QB","Garrett","Grayson","0","0","5000","NO@ARI","NO","ARI","","","",""
"30364","QB","Aaron","Murray","0","0","5000","KC@HOU","KC","HOU","","","",""
"26498","WR","Stedman","Bailey","5.1","14","5000","SEA@STL","STL","SEA","","","",""
"28434","QB","Trevor","Siemian","0","0","5000","BAL@DEN","DEN","BAL","","","",""
"54705","QB","Dustin","Vaughan","0","0","5000","NYG@DAL","DAL","NYG","","","",""
"6387","WR","Miles","Austin","7.7","12","5000","PHI@ATL","PHI","ATL","","","",""
"32366","QB","Jameill","Showers","0","0","5000","NYG@DAL","DAL","NYG","","","",""
"15008","QB","McLeod","Bethel-Thompson","0","0","5000","MIA@WAS","MIA","WAS","","","",""
"54654","QB","Seth","Lobato","0","0","5000","TEN@TB","TB","TEN","","","",""
"14952","K","Dan","Bailey","9.3","16","5000","NYG@DAL","DAL","NYG","","","",""
"30298","TE","Jordan","Reed","6.3","11","5000","MIA@WAS","WAS","MIA","","","",""
"43563","QB","Cody","Fajardo","0","0","5000","CIN@OAK","OAK","CIN","","","",""
"30335","QB","Hutson","Mason","0","0","5000","MIA@WAS","WAS","MIA","","","",""
"62630","QB","Jerry","Lovelocke","0","0","5000","BAL@DEN","BAL","DEN","","","",""
"33557","TE","Tyler","Eifert","5.2","1","5000","CIN@OAK","CIN","OAK","","","",""
"30195","QB","Jeff","Tuel","0","0","5000","CAR@JAC","JAC","CAR","","","",""
"25812","QB","Stephen","Morris","0","0","5000","PHI@ATL","PHI","ATL","","","",""
"12550","D","Seattle","Seahawks","0","0","5000","SEA@STL","SEA","STL","","","",""
"39452","QB","Brad","Sorensen","0","0","5000","DET@SD","SD","DET","","","",""
"39454","QB","Zac","Dysert","0","0","5000","GB@CHI","CHI","GB","","","",""
"10354","RB","Marcel","Reece","3.8","15","5000","CIN@OAK","OAK","CIN","","","",""
"32158","QB","Garrett","Gilbert","0","0","5000","DET@SD","DET","SD","","","",""
"22288","WR","Cole","Beasley","5","16","5000","NYG@DAL","DAL","NYG","","","",""
"22292","RB","Lance","Dunbar","2.5","16","5000","NYG@DAL","DAL","NYG","","","",""
"25693","QB","Chase","Rettig","0","0","5000","DET@SD","SD","DET","","","",""
"31798","QB","Bryce","Petty","0","0","5000","CLE@NYJ","NYJ","CLE","","","",""
"6831","QB","Matt","Hasselbeck","4.2","4","5000","IND@BUF","IND","BUF","","","",""
"39900","RB","Khiry","Robinson","6.1","10","5000","NO@ARI","NO","ARI","Q","Undisclosed","",""
"10647","K","Matt","Bryant","9.3","16","5000","PHI@ATL","ATL","PHI","","","",""
"22187","QB","Chandler","Harnish","0","0","5000","NO@ARI","ARI","NO","","","",""
"29915","QB","Brett","Hundley","0","0","5000","GB@CHI","GB","CHI","","","",""
"6884","WR","Hakeem","Nicks","5.2","16","5000","TEN@TB","TEN","TB","","","",""
"29734","WR","Ty","Montgomery","0","0","5000","GB@CHI","GB","CHI","Q","Hamstring","",""
"6668","K","Adam","Vinatieri","9.6","16","5000","IND@BUF","IND","BUF","","","",""
"31879","WR","Deontay","Greenberry","0","0","5000","SEA@STL","SEA","STL","","","",""
"6702","K","Phil","Dawson","7.8","16","5000","MIN@SF","SF","MIN","","","",""
"14377","QB","Tyrod","Taylor","-0.1","1","5000","IND@BUF","BUF","IND","","","",""
"39787","QB","Jake","Waters","0","0","5000","SEA@STL","SEA","STL","","","",""
"6768","WR","Eddie","Royal","9.4","16","5000","GB@CHI","CHI","GB","P","Hip","",""
"14362","TE","Charles","Clay","7.7","14","5000","IND@BUF","BUF","IND","","","",""
"25969","QB","Tom","Savage","0.7","2","5000","KC@HOU","HOU","KC","IR","Shoulder","",""
"33488","TE","Troy","Niklas","0.8","7","5000","NO@ARI","ARI","NO","Q","Hamstring","",""
"22820","QB","Matt","Simms","1.8","1","5000","IND@BUF","BUF","IND","","","",""
"22894","QB","Kellen","Moore","0","0","5000","DET@SD","DET","SD","","","",""
"25272","TE","Eric","Ebron","3.3","13","5000","DET@SD","DET","SD","P","Undisclosed","",""
"25278","QB","Bryn","Renner","0","0","5000","BAL@DEN","BAL","DEN","","","",""
"11982","QB","R.J.","Archer","0","0","5000","SEA@STL","SEA","STL","","","",""
"29605","QB","Matt","Barkley","0","1","5000","NO@ARI","ARI","NO","","","",""
"22958","RB","Bobby","Rainey","6.3","15","5000","TEN@TB","TB","TEN","","","",""
"22969","QB","Matt","Blanchard","0","0","5000","GB@CHI","GB","CHI","","","",""
"29445","QB","Sean","Mannion","0","0","5000","SEA@STL","STL","SEA","","","",""
"14326","QB","Ricky","Stanzi","0","0","5000","NYG@DAL","NYG","DAL","","","",""
"22994","QB","Case","Keenum","12.4","2","5000","SEA@STL","STL","SEA","","","",""
"53331","QB","Taylor","Heinicke","0","0","5000","MIN@SF","MIN","SF","","","",""
"25549","QB","Phillip","Sims","0","0","5000","NO@ARI","ARI","NO","","","",""
"29333","QB","Bryan","Bennett","0","0","5000","IND@BUF","IND","BUF","","","",""
"31280","K","Cody","Parkey","10.1","16","5000","PHI@ATL","PHI","ATL","P","Leg","",""
"24779","QB","Anthony","Boone","0","0","5000","DET@SD","DET","SD","","","",""
"11479","RB","Toby","Gerhart","5.1","14","5000","CAR@JAC","JAC","CAR","P","Abdomen","",""
"24760","QB","Sean","Renfree","0","0","5000","PHI@ATL","ATL","PHI","","","",""
"11500","QB","Colt","McCoy","13.2","5","5000","MIA@WAS","WAS","MIA","","","",""
"24652","QB","Cole","Stoudt","0","0","5000","DET@SD","SD","DET","","","",""
"8022","QB","Josh","Freeman","0","0","5000","MIA@WAS","MIA","WAS","","","",""
"8023","QB","Josh","Johnson","0","0","5000","CLE@NYJ","NYJ","CLE","","","",""
"26877","QB","Jake","Heaps","0","0","5000","CLE@NYJ","NYJ","CLE","","","",""
"24589","WR","Jaron","Brown","2.9","16","5000","NO@ARI","ARI","NO","","","",""
"7975","RB","Mike","Tolbert","2.9","8","5000","CAR@JAC","CAR","JAC","","","",""
"7970","QB","Charlie","Whitehurst","12.7","7","5000","TEN@TB","TEN","TB","","","",""
"23075","QB","Alex","Tanney","0","0","5000","TEN@TB","TEN","TB","","","",""
"30788","QB","Tyler","Bray","0","0","5000","KC@HOU","KC","HOU","O","Knee","",""
"11761","QB","Thaddeus","Lewis","0","0","5000","CLE@NYJ","CLE","NYJ","","","",""
"11537","QB","Mike","Kafka","0","0","5000","MIN@SF","MIN","SF","IR","Hamstring","",""
"7788","WR","Louis","Murphy","6","11","5000","TEN@TB","TB","TEN","","","",""
"30910","RB","Zac","Stacy","4.3","13","5000","CLE@NYJ","NYJ","CLE","","","",""
"11615","QB","Joe","Webb","3.9","7","5000","CAR@JAC","CAR","JAC","","","",""
"24891","RB","Chris","Thompson","6.5","2","5000","MIA@WAS","WAS","MIA","","","",""
"34459","QB","B.J.","Daniels","0","0","5000","SEA@STL","SEA","STL","","","",""
"33137","WR","Justin","Hardy","0","0","4900","PHI@ATL","ATL","PHI","","","",""
"32674","TE","Jace","Amaro","4.7","14","4900","CLE@NYJ","NYJ","CLE","IR","Shoulder","",""
"27771","WR","Cody","Latimer","0.4","8","4900","BAL@DEN","DEN","BAL","","","",""
"22234","RB","Chris","Polk","3.6","14","4900","KC@HOU","HOU","KC","","","",""
"6896","WR","Greg","Jennings","8.7","16","4900","MIA@WAS","MIA","WAS","P","Elbow","",""
"6672","TE","Marcedes","Lewis","5.2","8","4900","CAR@JAC","JAC","CAR","","","",""
"6664","TE","Jacob","Tamme","1.9","15","4900","PHI@ATL","ATL","PHI","Q","Back","",""
"22060","WR","Nick","Toon","4.3","8","4900","NO@ARI","NO","ARI","IR","Ankle","",""
"22048","RB","Robert","Turbin","4.2","16","4900","SEA@STL","SEA","STL","IR","Ankle","",""
"14274","TE","Rob","Housler","1.2","15","4900","CLE@NYJ","CLE","NYJ","","","",""
"29314","TE","Richard","Rodgers","2.8","16","4900","GB@CHI","GB","CHI","","","",""
"24772","WR","Issac","Blakeney","0","0","4900","MIN@SF","SF","MIN","","","",""
"11766","TE","Jeff","Cumberland","3.4","16","4900","CLE@NYJ","NYJ","CLE","","","",""
"30733","WR","Cordarrelle","Patterson","4.8","16","4900","MIN@SF","MIN","SF","","","",""
"11577","WR","Riley","Cooper","6.3","16","4900","PHI@ATL","PHI","ATL","P","Thumb","",""
"6636","K","Mike","Nugent","7.9","16","4800","CIN@OAK","CIN","OAK","","","",""
"28346","TE","Maxx","Williams","0","0","4800","BAL@DEN","BAL","DEN","P","Undisclosed","",""
"28502","WR","Devin","Smith","0","0","4800","CLE@NYJ","NYJ","CLE","Q","Ribs","",""
"12553","D","Carolina","Panthers","0","0","4800","CAR@JAC","CAR","JAC","","","",""
"33714","K","Cairo","Santos","7.6","16","4800","KC@HOU","KC","HOU","","","",""
"6810","K","Dan","Carpenter","9.5","16","4800","IND@BUF","BUF","IND","","","",""
"22228","TE","Chase","Ford","3.9","11","4800","MIN@SF","MIN","SF","P","Undisclosed","",""
"29827","TE","Joseph","Fauria","2.6","7","4800","DET@SD","DET","SD","","","",""
"6904","WR","Devin","Hester","5.9","16","4800","PHI@ATL","ATL","PHI","","","",""
"6910","K","Robbie","Gould","4.8","12","4800","GB@CHI","CHI","GB","","","",""
"22109","K","Greg","Zuerlein","7.4","16","4800","SEA@STL","STL","SEA","","","",""
"22100","K","Randy","Bullock","9.1","16","4800","KC@HOU","HOU","KC","","","",""
"28144","TE","Dion","Sims","3.7","14","4800","MIA@WAS","MIA","WAS","","","",""
"31561","WR","Donte","Moncrief","5","16","4800","IND@BUF","IND","BUF","","","",""
"14240","TE","Lance","Kendricks","4.3","16","4800","SEA@STL","STL","SEA","","","",""
"14301","RB","Kendall","Hunter","0","0","4800","MIN@SF","SF","MIN","IR","Undisclosed","",""
"10046","RB","Antone","Smith","7.1","10","4800","PHI@ATL","ATL","PHI","","","",""
"29351","RB","De'Anthony","Thomas","4.2","12","4800","KC@HOU","KC","HOU","Q","Calf","",""
"53697","WR","Kaelin","Clay","0","0","4800","TEN@TB","TB","TEN","","","",""
"24912","K","Dustin","Hopkins","0","0","4800","NO@ARI","NO","ARI","","","",""
"11538","TE","Garrett","Graham","3.2","11","4800","KC@HOU","HOU","KC","","","",""
"27050","WR","Tyler","Lockett","0","0","4800","SEA@STL","SEA","STL","","","",""
"45723","TE","Crockett","Gillmore","1.5","15","4700","BAL@DEN","BAL","DEN","","","",""
"12903","WR","Andrew","Hawkins","8.5","15","4700","CLE@NYJ","CLE","NYJ","","","",""
"30261","K","Caleb","Sturgis","8.8","16","4700","MIA@WAS","MIA","WAS","","","",""
"41639","WR","DeAndre","Smelter","0","0","4700","MIN@SF","SF","MIN","NA","Knee","",""
"26458","WR","Tavon","Austin","5.3","15","4700","SEA@STL","STL","SEA","","","",""
"32000","TE","Luke","Willson","4.3","15","4700","SEA@STL","SEA","STL","","","",""
"30004","WR","Kasen","Williams","0","0","4700","SEA@STL","SEA","STL","","","",""
"14704","WR","Chris","Hogan","5.2","16","4700","IND@BUF","BUF","IND","P","Knee","",""
"24569","K","Chandler","Catanzaro","8","16","4700","NO@ARI","ARI","NO","","","",""
"27908","TE","C.J.","Fiedorowicz","0.7","15","4700","KC@HOU","HOU","KC","","","",""
"39859","TE","Jack","Doyle","2.1","16","4700","IND@BUF","IND","BUF","","","",""
"22188","RB","Daryl","Richardson","0","0","4700","CLE@NYJ","NYJ","CLE","","","",""
"22110","K","Blair","Walsh","7.8","16","4700","MIN@SF","MIN","SF","","","",""
"12539","D","Miami","Dolphins","0","0","4700","MIA@WAS","MIA","WAS","","","",""
"33465","RB","Theo","Riddick","5.6","14","4700","DET@SD","DET","SD","","","",""
"29723","RB","Stepfan","Taylor","4.3","14","4700","NO@ARI","ARI","NO","","","",""
"22029","RB","Bernard","Pierce","3.8","13","4700","CAR@JAC","JAC","CAR","","","",""
"22034","WR","Chris","Givens","2","14","4700","SEA@STL","STL","SEA","","","",""
"6782","K","Matt","Prater","8.7","11","4700","DET@SD","DET","SD","","","",""
"7645","WR","Steve","Johnson","6.1","13","4700","DET@SD","SD","DET","","","",""
"14230","RB","Ryan","Williams","0","0","4700","NYG@DAL","DAL","NYG","","","",""
"27343","WR","Kenny","Bell","0","0","4700","TEN@TB","TB","TEN","IR","Hamstring","",""
"12090","K","Nick","Novak","7.3","16","4700","DET@SD","SD","DET","","","",""
"38517","RB","Dreamius","Smith","0","0","4700","DET@SD","SD","DET","","","",""
"11511","TE","Tony","Moeaki","3.9","6","4700","PHI@ATL","ATL","PHI","","","",""
"16923","TE","Austin","Seferian-Jenkins","4.7","9","4700","TEN@TB","TB","TEN","","","",""
"16926","WR","Marcus","Thigpen","0.6","9","4700","IND@BUF","BUF","IND","Q","Back","",""
"25079","WR","Stefon","Diggs","0","0","4700","MIN@SF","MIN","SF","","","",""
"7831","K","Sebastian","Janikowski","6.3","16","4700","CIN@OAK","OAK","CIN","","","",""
"30775","WR","Justin","Hunter","6.8","12","4700","TEN@TB","TEN","TB","","","",""
"6642","K","Nick","Folk","8.4","16","4600","CLE@NYJ","NYJ","CLE","","","",""
"6622","WR","Eric","Weems","1.7","16","4600","PHI@ATL","ATL","PHI","","","",""
"15176","K","Kai","Forbath","6.9","16","4600","MIA@WAS","WAS","MIA","P","Quadriceps","",""
"32263","WR","Jaxon","Shipley","0","0","4600","NO@ARI","ARI","NO","","","",""
"32804","WR","Dres","Anderson","0","0","4600","MIN@SF","SF","MIN","IR","Knee","",""
"6388","WR","Jason","Avant","3.7","16","4600","KC@HOU","KC","HOU","P","Hip","",""
"32467","WR","David","Porter","0","0","4600","NYG@DAL","DAL","NYG","","","",""
"14905","WR","Kamar","Aiken","3.5","16","4600","BAL@DEN","BAL","DEN","","","",""
"25760","WR","Allen","Hurns","8.1","16","4600","CAR@JAC","JAC","CAR","P","Hip","",""
"25783","RB","Mike","James","0.3","11","4600","TEN@TB","TB","TEN","","","",""
"25813","WR","Phillip","Dorsett","0","0","4600","IND@BUF","IND","BUF","P","Knee","",""
"12549","D","San Francisco","49ers","0","0","4600","MIN@SF","SF","MIN","","","",""
"39445","WR","Brice","Butler","3.4","15","4600","CIN@OAK","OAK","CIN","Q","Undisclosed","",""
"14629","WR","Ricardo","Lockette","2.3","16","4600","SEA@STL","SEA","STL","","","",""
"14645","WR","Dontrelle","Inman","3.1","7","4600","DET@SD","SD","DET","Q","Concussion","",""
"10744","K","Graham","Gano","8.3","16","4600","CAR@JAC","CAR","JAC","","","",""
"12529","D","Cleveland","Browns","0","0","4600","CLE@NYJ","CLE","NYJ","","","",""
"12528","D","Cincinnati","Bengals","0","0","4600","CIN@OAK","CIN","OAK","","","",""
"28080","WR","Devin","Funchess","0","0","4600","CAR@JAC","CAR","JAC","","","",""
"6688","WR","Jerricho","Cotchery","6","15","4600","CAR@JAC","CAR","JAC","Q","Groin","",""
"14394","TE","Virgil","Green","1.3","13","4600","BAL@DEN","DEN","BAL","","","",""
"22035","WR","Travis","Benjamin","3.7","16","4600","CLE@NYJ","CLE","NYJ","","","",""
"22065","TE","Rhett","Ellison","2.4","16","4600","MIN@SF","MIN","SF","","","",""
"6767","K","Ryan","Succop","5.8","16","4600","TEN@TB","TEN","TB","","","",""
"40131","WR","Nick","Harwell","0","0","4600","NYG@DAL","DAL","NYG","","","",""
"29625","WR","George","Farmer","0","0","4600","SEA@STL","SEA","STL","","","",""
"11829","WR","Preston","Parker","4.4","16","4600","NYG@DAL","NYG","DAL","","","",""
"34261","WR","Josh","Reese","0","0","4600","PHI@ATL","PHI","ATL","","","",""
"31675","RB","Josh","Robinson","0","0","4600","IND@BUF","IND","BUF","Q","Head","",""
"10030","WR","Harry","Douglas","7.9","12","4600","TEN@TB","TEN","TB","","","",""
"31308","WR","Quan","Bray","0","0","4600","IND@BUF","IND","BUF","","","",""
"24797","RB","Juwan","Thompson","3.3","15","4600","BAL@DEN","DEN","BAL","","","",""
"31015","WR","DeAndrew","White","0","0","4600","MIN@SF","SF","MIN","","","",""
"11488","TE","Ed","Dickson","1.4","16","4600","CAR@JAC","CAR","JAC","","","",""
"9442","WR","Brandon","Tate","2.1","16","4600","CIN@OAK","CIN","OAK","","","",""
"7870","TE","Benjamin","Watson","2.2","16","4600","NO@ARI","NO","ARI","","","",""
"11594","RB","Anthony","Dixon","4","16","4600","IND@BUF","BUF","IND","P","Calf","",""
"34436","WR","Andre","Davis","0","0","4600","IND@BUF","BUF","IND","","","",""
"7722","WR","Kevin","Ogletree","1.2","7","4600","NYG@DAL","NYG","DAL","","","",""
"22000","RB","LaMichael","James","0.3","3","4500","MIA@WAS","MIA","WAS","P","Chest","",""
"22002","WR","T.J.","Graham","1.5","12","4500","CLE@NYJ","NYJ","CLE","","","",""
"47828","RB","Antonio","Andrews","0.5","4","4500","TEN@TB","TEN","TB","","","",""
"22010","WR","DeVier","Posey","3.2","1","4500","CLE@NYJ","NYJ","CLE","","","",""
"6566","RB","Chris","Johnson","6.5","16","4500","NO@ARI","ARI","NO","","","",""
"28215","TE","Andrew","Gleichert","0","0","4500","PHI@ATL","PHI","ATL","","","",""
"6567","TE","David","Johnson","0.1","14","4500","DET@SD","SD","DET","","","",""
"26289","RB","Kenneth","Harper","0","0","4500","NYG@DAL","NYG","DAL","","","",""
"28202","RB","Jeremy","Langford","0","0","4500","GB@CHI","CHI","GB","","","",""
"21990","WR","Ryan","Broyles","0.7","5","4500","DET@SD","DET","SD","","","",""
"30598","TE","Rory","Anderson","0","0","4500","MIN@SF","SF","MIN","IR","Ankle","",""
"33037","WR","Kenbrell","Thompkins","2.7","14","4500","CIN@OAK","OAK","CIN","","","",""
"61247","TE","Joe Don","Duncan","0","0","4500","BAL@DEN","DEN","BAL","","","",""
"33029","RB","George","Winn","0.6","12","4500","DET@SD","DET","SD","","","",""
"21968","WR","A.J.","Jenkins","1.5","9","4500","NYG@DAL","DAL","NYG","","","",""
"47861","TE","Mitchell","Henry","0","0","4500","BAL@DEN","DEN","BAL","","","",""
"26247","K","Brandon","McManus","4.7","15","4500","BAL@DEN","DEN","BAL","","","",""
"21983","WR","Stephen","Hill","0","0","4500","CAR@JAC","CAR","JAC","IR","Knee","",""
"30635","RB","Mike","Davis","0","0","4500","MIN@SF","SF","MIN","","","",""
"26343","WR","Corey","Fuller","2","16","4500","DET@SD","DET","SD","","","",""
"30678","WR","Damiere","Byrd","0","0","4500","CAR@JAC","CAR","JAC","","","",""
"39153","TE","Ifeanyi","Momah","0","0","4500","NO@ARI","ARI","NO","","","",""
"6627","WR","Ted","Ginn Jr.","2.1","16","4500","CAR@JAC","CAR","JAC","","","",""
"6653","RB","Jerome","Felton","0.5","16","4500","IND@BUF","BUF","IND","","","",""
"33098","WR","Cam","Worthy","0","0","4500","BAL@DEN","BAL","DEN","IR","Foot","",""
"30667","TE","Justice","Cunningham","0","0","4500","SEA@STL","STL","SEA","","","",""
"45612","TE","Devin","Mahina","0","0","4500","MIA@WAS","WAS","MIA","","","",""
"30709","WR","Bruce","Ellington","2.3","13","4500","MIN@SF","SF","MIN","","","",""
"28246","WR","Isaac","Fruechte","0","0","4500","MIN@SF","MIN","SF","","","",""
"6597","TE","Craig","Stevens","0.7","5","4500","TEN@TB","TEN","TB","","","",""
"43921","WR","Da'Ron","Brown","0","0","4500","KC@HOU","KC","HOU","","","",""
"32632","WR","Bradley","Marquez","0","0","4500","SEA@STL","STL","SEA","","","",""
"6610","WR","Nate","Washington","6","16","4500","KC@HOU","HOU","KC","","","",""
"62985","WR","Jeret","Smith","0","0","4500","KC@HOU","KC","HOU","","","",""
"15178","RB","Chase","Reynolds","0","15","4500","SEA@STL","STL","SEA","","","",""
"15186","WR","Kevin","Cone","0","0","4500","MIA@WAS","MIA","WAS","","","",""
"41964","WR","Vince","Mayle","0","0","4500","CLE@NYJ","CLE","NYJ","","","",""
"28311","TE","MarQueis","Gray","1.7","13","4500","IND@BUF","BUF","IND","","","",""
"26112","RB","Jerome","Smith","0","1","4500","PHI@ATL","ATL","PHI","","","",""
"47720","WR","Chandler","Worthy","0","0","4500","KC@HOU","HOU","KC","","","",""
"6422","TE","Gary","Barnidge","1.7","13","4500","CLE@NYJ","CLE","NYJ","","","",""
"45821","WR","Isaiah","Burse","-0.2","12","4500","BAL@DEN","DEN","BAL","","","",""
"54367","TE","Jean","Sifrin","0","0","4500","IND@BUF","IND","BUF","","","",""
"28407","WR","Rashad","Lawrence","0","0","4500","GB@CHI","CHI","GB","","","",""
"28408","WR","Kyle","Prater","0","0","4500","NO@ARI","NO","ARI","","","",""
"15121","WR","Chris","Matthews","0","3","4500","SEA@STL","SEA","STL","","","",""
"6522","K","Josh","Brown","8","16","4500","NYG@DAL","NYG","DAL","Q","Leg","",""
"30591","WR","Ace","Sanders","1","12","4500","CAR@JAC","JAC","CAR","","","",""
"33270","TE","Gerald","Christian","0","0","4500","NO@ARI","ARI","NO","IR","Knee","",""
"54782","TE","Cameron","Brate","0.4","5","4500","TEN@TB","TB","TEN","","","",""
"54762","TE","Rashaun","Allen","0","1","4500","SEA@STL","SEA","STL","","","",""
"15052","WR","Jeff","Maehl","0.9","8","4500","PHI@ATL","PHI","ATL","","","",""
"54753","WR","Taylor","Gabriel","5.4","16","4500","CLE@NYJ","CLE","NYJ","","","",""
"12888","RB","Tyler","Clutts","0","16","4500","NYG@DAL","DAL","NYG","","","",""
"45893","WR","Josh","Harper","0","0","4500","CIN@OAK","OAK","CIN","","","",""
"28417","WR","Tony","Jones","0","0","4500","MIA@WAS","WAS","MIA","","","",""
"54742","TE","Scott","Simonson","0","4","4500","CAR@JAC","CAR","JAC","","","",""
"32807","TE","Anthony","Denham","0","4","4500","KC@HOU","HOU","KC","IR","Shoulder","",""
"54741","WR","Seth","Roberts","0","0","4500","CIN@OAK","OAK","CIN","","","",""
"30385","WR","Marlon","Brown","2.7","14","4500","BAL@DEN","BAL","DEN","","","",""
"32824","WR","Reggie","Dunn","0","0","4500","NYG@DAL","DAL","NYG","","","",""
"32831","TE","Jake","Murphy","0","0","4500","BAL@DEN","DEN","BAL","","","",""
"32303","WR","John","Harris","0","0","4500","PHI@ATL","ATL","PHI","","","",""
"15006","RB","Shaun","Draughn","0.2","10","4500","CLE@NYJ","CLE","NYJ","","","",""
"26610","WR","Paul","Richardson","3.2","15","4500","SEA@STL","SEA","STL","NA","Knee","",""
"30403","WR","Chris","Conley","0","0","4500","KC@HOU","KC","HOU","","","",""
"30412","WR","Tavarres","King","1.2","2","4500","TEN@TB","TB","TEN","","","",""
"30409","TE","Arthur","Lynch","0","0","4500","CLE@NYJ","NYJ","CLE","","","",""
"54698","WR","Corey","Washington","1","14","4500","NYG@DAL","NYG","DAL","","","",""
"39411","TE","Gavin","Escobar","2.4","16","4500","NYG@DAL","DAL","NYG","P","Concussion","",""
"32328","WR","Travis","Labhart","0","0","4500","KC@HOU","HOU","KC","","","",""
"54694","TE","Justin","Perillo","0","2","4500","GB@CHI","GB","CHI","","","",""
"54690","WR","Freddie","Martino","0","1","4500","PHI@ATL","PHI","ATL","","","",""
"54687","RB","Charcandrick","West","0","6","4500","KC@HOU","KC","HOU","Q","Concussion","",""
"54683","RB","Ray","Agnew","0.3","12","4500","NYG@DAL","DAL","NYG","","","",""
"15032","RB","Henry","Hynoski","0.1","16","4500","NYG@DAL","NYG","DAL","","","",""
"54681","WR","Andrew","Peacock","0","0","4500","DET@SD","DET","SD","","","",""
"28486","WR","Corey (Philly)","Brown","5","13","4500","CAR@JAC","CAR","JAC","","","",""
"28487","TE","Jeff","Heuerman","0","0","4500","BAL@DEN","DEN","BAL","IR","Knee","",""
"54674","WR","Jeremy","Butler","0","0","4500","BAL@DEN","BAL","DEN","","","",""
"45873","TE","Marcel","Jensen","1.3","1","4500","BAL@DEN","DEN","BAL","","","",""
"43655","WR","Devante","Davis","0","0","4500","PHI@ATL","PHI","ATL","","","",""
"15018","WR","Marcus","Harris","0","0","4500","NYG@DAL","NYG","DAL","IR","Knee","",""
"54663","WR","Seantavius","Jones","0","0","4500","NO@ARI","NO","ARI","","","",""
"54659","WR","Tony","Washington","0","0","4500","CAR@JAC","JAC","CAR","","","",""
"32401","WR","Uzoma","Nwachukwu","0","0","4500","KC@HOU","HOU","KC","","","",""
"32410","RB","Trey","Williams","0","0","4500","MIA@WAS","WAS","MIA","","","",""
"32918","WR","Jordan","Leslie","0","0","4500","MIN@SF","MIN","SF","","","",""
"30237","RB","Mike","Gillislee","0","0","4500","MIA@WAS","MIA","WAS","","","",""
"54632","TE","Chase","Dixon","0","0","4500","MIA@WAS","WAS","MIA","","","",""
"54638","WR","Torrence","Allen","0","0","4500","DET@SD","SD","DET","IR","Undisclosed","",""
"28545","RB","Rod","Smith","0","0","4500","SEA@STL","SEA","STL","","","",""
"30249","WR","Frankie","Hammond","0.4","16","4500","KC@HOU","KC","HOU","","","",""
"30250","WR","Quinton","Dunbar","0","0","4500","MIA@WAS","WAS","MIA","","","",""
"54617","WR","Matt","Hazel","0","0","4500","MIA@WAS","MIA","WAS","","","",""
"54623","WR","Jeff","Janis","0.9","3","4500","GB@CHI","GB","CHI","","","",""
"54621","WR","Walt","Powell","-0.5","4","4500","CLE@NYJ","NYJ","CLE","","","",""
"28561","WR","Evan","Spencer","0","0","4500","MIA@WAS","WAS","MIA","","","",""
"28562","TE","Jake","Stoneburner","0","0","4500","MIA@WAS","MIA","WAS","","","",""
"32418","RB","Christine","Michael","1.9","10","4500","NYG@DAL","DAL","NYG","","","",""
"30259","WR","Solomon","Patton","0.3","7","4500","BAL@DEN","DEN","BAL","","","",""
"32429","K","Josh","Lambo","0","0","4500","DET@SD","SD","DET","","","",""
"32957","TE","Eric","Tomlinson","0","0","4500","PHI@ATL","PHI","ATL","","","",""
"30282","WR","Andre","Debose","0","0","4500","CIN@OAK","OAK","CIN","IR","Achilles","",""
"32474","RB","Matthew","Tucker","0","0","4500","PHI@ATL","PHI","ATL","IR","Quadriceps","",""
"30297","TE","Trey","Burton","0.1","15","4500","PHI@ATL","PHI","ATL","","","",""
"30313","TE","Tevin","Westbrook","0","0","4500","TEN@TB","TEN","TB","","","",""
"46001","RB","Joey","Iosefa","0","0","4500","TEN@TB","TB","TEN","","","",""
"33007","TE","Blake","Annen","0","5","4500","GB@CHI","CHI","GB","","","",""
"39237","K","Brandon","Bogotay","0","0","4500","TEN@TB","TB","TEN","","","",""
"30307","RB","Mack","Brown","0","0","4500","MIA@WAS","WAS","MIA","","","",""
"54529","TE","Jordan","Thompson","0","2","4500","DET@SD","DET","SD","IR","Knee","",""
"45165","WR","Donte","Foster","0","0","4500","MIN@SF","MIN","SF","","","",""
"62637","WR","Isiah","Ferguson","0","0","4500","SEA@STL","STL","SEA","IR","","",""
"32045","TE","Vance","McDonald","0.3","8","4500","MIN@SF","SF","MIN","P","Ankle","",""
"62632","WR","Milton","Williams III","0","0","4500","CIN@OAK","OAK","CIN","","","",""
"62633","TE","Matt","Lengel","0","0","4500","CIN@OAK","CIN","OAK","","","",""
"62634","K","Tom","Obarski","0","0","4500","CIN@OAK","CIN","OAK","","","",""
"62635","RB","Terrell","Watson","0","0","4500","CIN@OAK","CIN","OAK","","","",""
"60675","WR","Duron","Carter","0","0","4500","IND@BUF","IND","BUF","","","",""
"27672","TE","Matt","LaCosse","0","0","4500","CLE@NYJ","NYJ","CLE","","","",""
"62628","WR","DeAndre","Carter","0","0","4500","BAL@DEN","BAL","DEN","","","",""
"27671","WR","Jake","Kumerow","0","0","4500","CIN@OAK","CIN","OAK","","","",""
"62631","RB","Gus","Johnson","0","0","4500","NYG@DAL","DAL","NYG","","","",""
"32058","K","Chris","Boswell","0","0","4500","NYG@DAL","NYG","DAL","","","",""
"14837","WR","Jeremy","Ross","2.8","16","4500","DET@SD","DET","SD","","","",""
"27648","WR","Ryan","Lankford","0","0","4500","IND@BUF","IND","BUF","","","",""
"33571","RB","George","Atkinson III","0","5","4500","CIN@OAK","OAK","CIN","","","",""
"10495","TE","Bear","Pascoe","0.5","16","4500","GB@CHI","CHI","GB","","","",""
"62600","WR","Joshua","Stangby","0","0","4500","PHI@ATL","ATL","PHI","","","",""
"62601","WR","Gavin","Lutman","0","0","4500","MIN@SF","MIN","SF","IR","","",""
"62598","TE","Beau","Gardner","0","0","4500","PHI@ATL","ATL","PHI","IR","","",""
"39615","TE","Brandon","Williams","0.5","14","4500","CAR@JAC","CAR","JAC","","","",""
"30108","WR","Marquess","Wilson","4.1","7","4500","GB@CHI","CHI","GB","Q","Hamstring","",""
"25775","TE","Clive","Walford","0","0","4500","CIN@OAK","OAK","CIN","P","Undisclosed","",""
"33552","WR","TJ","Jones","0","0","4500","DET@SD","DET","SD","","","",""
"62623","RB","John","Crockett","0","0","4500","GB@CHI","GB","CHI","","","",""
"62622","WR","Adrian","Coxson","0","0","4500","GB@CHI","GB","CHI","","","",""
"62621","WR","Ricky","Collins","0","0","4500","GB@CHI","GB","CHI","","","",""
"14815","WR","Joseph","Morgan","3.6","5","4500","NO@ARI","NO","ARI","","","",""
"62619","K","Andrew","Franks","0","0","4500","MIA@WAS","MIA","WAS","","","",""
"41323","WR","Javess","Blue","0","0","4500","GB@CHI","GB","CHI","","","",""
"62617","TE","Khari","Lee","0","0","4500","GB@CHI","CHI","GB","","","",""
"62616","RB","Zach","Zenner","0","0","4500","DET@SD","DET","SD","","","",""
"62615","RB","Rasheed","Williams","0","0","4500","DET@SD","DET","SD","","","",""
"62614","WR","Desmond","Lawrence","0","0","4500","CIN@OAK","CIN","OAK","","","",""
"62613","WR","Vernon","Johnson","0","0","4500","DET@SD","DET","SD","","","",""
"62612","WR","Tyler","Rutenbeck","0","0","4500","IND@BUF","IND","BUF","","","",""
"33541","K","Kyle","Brindza","0","0","4500","TEN@TB","TB","TEN","","","",""
"62611","WR","Reggie","Bell","0","0","4500","MIA@WAS","WAS","MIA","","","",""
"14802","WR","John","Chiles","0","0","4500","GB@CHI","CHI","GB","","","",""
"14765","TE","Allen","Reisner","0","0","4500","BAL@DEN","BAL","DEN","IR","Ankle","",""
"62688","WR","Donatella","Luckett","0","0","4500","KC@HOU","KC","HOU","","","",""
"60745","K","Jason","Myers","0","0","4500","CAR@JAC","JAC","CAR","","","",""
"30207","TE","Clay","Burton","0","0","4500","IND@BUF","BUF","IND","","","",""
"10382","RB","Chris","Ogbonnaya","1.6","7","4500","NYG@DAL","NYG","DAL","","","",""
"62719","RB","Desmond","Martin","0","0","4500","DET@SD","DET","SD","","","",""
"62718","WR","Daniel","Brown","0","0","4500","BAL@DEN","BAL","DEN","","","",""
"32072","WR","Mario","Hull","0","0","4500","MIN@SF","SF","MIN","","","",""
"62671","WR","Kasey","Closs","0","0","4500","CAR@JAC","JAC","CAR","","","",""
"62668","TE","John","Peters","0","0","4500","CIN@OAK","CIN","OAK","","","",""
"62669","WR","Damarr","Aultman","0","0","4500","MIA@WAS","MIA","WAS","","","",""
"30166","K","Andrew","Furney","0","0","4500","CLE@NYJ","NYJ","CLE","","","",""
"39678","TE","E.J.","Bibbs","0","0","4500","CLE@NYJ","CLE","NYJ","","","",""
"22462","RB","Collin","Mooney","0","0","4500","PHI@ATL","ATL","PHI","IR","Biceps","",""
"22433","TE","Dominique","Jones","4.4","1","4500","BAL@DEN","DEN","BAL","","","",""
"62680","WR","Donteea","Dye","0","0","4500","TEN@TB","TB","TEN","","","",""
"62687","WR","Kenny","Cook","0","0","4500","KC@HOU","KC","HOU","","","",""
"14748","TE","Konrad","Reuland","0","0","4500","BAL@DEN","BAL","DEN","","","",""
"62685","RB","Abou","Toure","0","0","4500","IND@BUF","IND","BUF","","","",""
"39652","WR","Rico","Richardson","0","1","4500","TEN@TB","TEN","TB","","","",""
"12551","D","Tampa Bay","Buccaneers","0","0","4500","TEN@TB","TB","TEN","","","",""
"62684","WR","Austin","Willis","0","0","4500","IND@BUF","BUF","IND","IR","Head","",""
"62675","WR","Ben","Edwards","0","0","4500","NYG@DAL","NYG","DAL","","","",""
"62674","RB","Luke","Lundy","0","0","4500","CLE@NYJ","CLE","NYJ","","","",""
"62673","WR","Paul","Browning","0","0","4500","CAR@JAC","CAR","JAC","","","",""
"32082","WR","Jordan","Taylor","0","0","4500","BAL@DEN","DEN","BAL","","","",""
"12556","D","Houston","Texans","0","0","4500","KC@HOU","HOU","KC","","","",""
"22447","WR","Griff","Whalen","0.1","10","4500","IND@BUF","IND","BUF","","","",""
"30012","WR","Kevin","Smith","0","0","4500","SEA@STL","SEA","STL","","","",""
"22363","WR","LaRon","Byrd","0","1","4500","MIA@WAS","MIA","WAS","","","",""
"62508","TE","James","O'Shaughnessy","0","0","4500","KC@HOU","KC","HOU","","","",""
"62510","TE","Nick","Boyle","0","0","4500","BAL@DEN","BAL","DEN","","","",""
"62505","TE","MyCole","Pruitt","0","0","4500","MIN@SF","MIN","SF","","","",""
"39440","WR","Alan","Bonner","0","0","4500","KC@HOU","HOU","KC","","","",""
"60800","RB","Jarryd","Hayne","0","0","4500","MIN@SF","SF","MIN","","","",""
"62517","WR","Dez","Lewis","0","0","4500","IND@BUF","BUF","IND","","","",""
"33703","WR","Ryan","Grant","0.6","16","4500","MIA@WAS","WAS","MIA","","","",""
"62519","WR","Tre","McBride","0","0","4500","TEN@TB","TEN","TB","","","",""
"29994","K","Travis","Coons","0","0","4500","CLE@NYJ","CLE","NYJ","","","",""
"62515","WR","Neal","Sterling","0","0","4500","CAR@JAC","JAC","CAR","","","",""
"62524","WR","Rasheed","Bailey","0","0","4500","PHI@ATL","PHI","ATL","","","",""
"39428","RB","Kyle","Juszczyk","1.9","16","4500","BAL@DEN","BAL","DEN","","","",""
"39427","WR","Quinton","Patton","1.5","4","4500","MIN@SF","SF","MIN","","","",""
"32185","RB","Zach","Line","1.3","1","4500","MIN@SF","MIN","SF","","","",""
"22336","WR","Josh","Bellamy","0","4","4500","GB@CHI","CHI","GB","","","",""
"6951","TE","James","Casey","1.2","16","4500","BAL@DEN","DEN","BAL","","","",""
"14668","WR","Michael","Preston","0","0","4500","MIA@WAS","MIA","WAS","","","",""
"33691","RB","Orleans","Darkwa","1.4","11","4500","NYG@DAL","NYG","DAL","","","",""
"22382","WR","G.J.","Kinne","0","0","4500","PHI@ATL","PHI","ATL","","","",""
"45278","WR","Bernard","Reedy","0","0","4500","PHI@ATL","ATL","PHI","","","",""
"39462","RB","Michael","Cox","1.3","4","4500","NYG@DAL","NYG","DAL","","","",""
"29959","WR","DiAndre","Campbell","0","0","4500","MIN@SF","SF","MIN","","","",""
"25654","RB","Tommy","Bohanon","1.1","4","4500","CLE@NYJ","NYJ","CLE","","","",""
"14683","RB","Patrick","DiMarco","1","16","4500","PHI@ATL","ATL","PHI","","","",""
"39512","RB","Kendall","Gaskins","0","0","4500","MIN@SF","SF","MIN","","","",""
"14631","WR","Armon","Binns","0","0","4500","KC@HOU","KC","HOU","","","",""
"32234","RB","Malcolm","Brown","0","0","4500","SEA@STL","STL","SEA","","","",""
"62573","WR","Darius","Davis","0","0","4500","MIN@SF","SF","MIN","","","",""
"22294","WR","Saalim","Hakim","0","16","4500","CLE@NYJ","NYJ","CLE","","","",""
"39509","WR","Ryan","Spadola","0","0","4500","NO@ARI","ARI","NO","","","",""
"62575","WR","Trevor","Harman","0","0","4500","NO@ARI","ARI","NO","","","",""
"32243","WR","Marquise","Goodwin","0.6","10","4500","IND@BUF","BUF","IND","Q","Ribs","",""
"62577","TE","Gannon","Sinclair","0","0","4500","GB@CHI","CHI","GB","","","",""
"14643","RB","DuJuan","Harris","0.5","15","4500","MIN@SF","MIN","SF","","","",""
"39502","TE","Ryan","Otten","0","0","4500","MIN@SF","MIN","SF","","","",""
"27849","TE","Ted","Bolser","0","0","4500","NO@ARI","ARI","NO","","","",""
"14649","TE","Kyle","Miller","0","0","4500","DET@SD","SD","DET","","","",""
"7001","TE","Kellen","Davis","0","6","4500","CLE@NYJ","NYJ","CLE","","","",""
"62535","WR","Tyrell","Williams","0","0","4500","DET@SD","SD","DET","","","",""
"41398","WR","Mario","Alford","0","0","4500","CIN@OAK","CIN","OAK","","","",""
"62534","TE","Brian","Parker","0","0","4500","KC@HOU","KC","HOU","","","",""
"62538","WR","Cameron","Meredith","0","0","4500","GB@CHI","CHI","GB","","","",""
"39539","TE","Brian","Leonhardt","1","12","4500","CIN@OAK","OAK","CIN","","","",""
"14603","RB","Robert","Hughes","1.2","16","4500","NO@ARI","ARI","NO","","","",""
"62547","RB","Tyler","Varga","0","0","4500","IND@BUF","IND","BUF","","","",""
"62544","RB","Brandon","Wegher","0","0","4500","CAR@JAC","CAR","JAC","","","",""
"62550","WR","R.J.","Harris","0","0","4500","NO@ARI","NO","ARI","","","",""
"22317","WR","Brenton","Bersin","1.8","15","4500","CAR@JAC","CAR","JAC","","","",""
"27878","RB","Mark","Weisman","0","0","4500","CIN@OAK","CIN","OAK","IR","","",""
"39521","WR","Da'Rick","Rogers","0","0","4500","KC@HOU","KC","HOU","","","",""
"22308","RB","Joe","Banyard","1.3","15","4500","MIN@SF","MIN","SF","","","",""
"22311","WR","Jarrett","Boykin","0.3","13","4500","CAR@JAC","CAR","JAC","","","",""
"22213","TE","Gerell","Robinson","0","3","4500","MIA@WAS","MIA","WAS","","","",""
"6815","K","Shayne","Graham","6.8","16","4500","NO@ARI","NO","ARI","","","",""
"6809","WR","Brian","Hartline","4.9","16","4500","CLE@NYJ","CLE","NYJ","P","Thigh","",""
"33320","RB","Senorise","Perry","0","16","4500","GB@CHI","CHI","GB","IR","Foot","",""
"39809","WR","Chuck","Jacobs","0","0","4500","MIN@SF","SF","MIN","","","",""
"22220","TE","Sean","McGrath","0","0","4500","IND@BUF","IND","BUF","","","",""
"10695","RB","Darrel","Young","2.9","16","4500","MIA@WAS","WAS","MIA","","","",""
"31788","WR","Antwan","Goodley","0","0","4500","NYG@DAL","DAL","NYG","","","",""
"22230","RB","Emil","Igwenagu","0","0","4500","DET@SD","DET","SD","","","",""
"22232","WR","Damaris","Johnson","3.5","16","4500","KC@HOU","HOU","KC","","","",""
"22235","RB","Jeremy","Stewart","0.6","6","4500","BAL@DEN","DEN","BAL","","","",""
"31779","RB","Lache","Seastrunk","0","0","4500","NYG@DAL","DAL","NYG","","","",""
"26038","TE","Tyler","Kroft","0","0","4500","CIN@OAK","CIN","OAK","","","",""
"29830","WR","Shaquelle","Evans","0","0","4500","CLE@NYJ","NYJ","CLE","","","",""
"6845","WR","Josh","Morgan","1.5","14","4500","NO@ARI","NO","ARI","","","",""
"62873","WR","Ify","Umodu","0","0","4500","GB@CHI","CHI","GB","","","",""
"6828","RB","Tim","Hightower","0","0","4500","NO@ARI","NO","ARI","","","",""
"31753","WR","Tevin","Reese","0","0","4500","CIN@OAK","CIN","OAK","","","",""
"6823","TE","John","Phillips","0.4","16","4500","DET@SD","SD","DET","","","",""
"31748","WR","Levi","Norwood","0","0","4500","GB@CHI","CHI","GB","","","",""
"22144","WR","Tommy","Streeter","0","2","4500","MIA@WAS","MIA","WAS","","","",""
"26074","TE","Tim","Wright","4.7","16","4500","DET@SD","DET","SD","","","",""
"39887","WR","Myles","White","0","0","4500","GB@CHI","GB","CHI","","","",""
"6868","TE","Daniel","Fells","3.1","16","4500","NYG@DAL","NYG","DAL","","","",""
"22163","WR","Rishard","Matthews","2.3","14","4500","MIA@WAS","MIA","WAS","","","",""
"26057","RB","Michael","Burton","0","0","4500","DET@SD","DET","SD","","","",""
"22177","WR","Junior","Hemingway","1.2","14","4500","KC@HOU","KC","HOU","IR","Back","",""
"22181","TE","David","Paulson","0","0","4500","DET@SD","SD","DET","","","",""
"22185","RB","Brad","Smelley","0","0","4500","SEA@STL","STL","SEA","","","",""
"22191","RB","Edwin","Baker","3.3","3","4500","NO@ARI","NO","ARI","","","",""
"12305","RB","Will","Tukuafu","0.1","9","4500","SEA@STL","SEA","STL","","","",""
"22198","WR","Brittan","Golden","0","0","4500","NO@ARI","ARI","NO","","","",""
"28030","RB","Fitzgerald","Toussaint","1.4","4","4500","BAL@DEN","BAL","DEN","","","",""
"26094","WR","Brandon","Coleman","0","0","4500","NO@ARI","NO","ARI","","","",""
"12526","D","Buffalo","Bills","0","0","4500","IND@BUF","BUF","IND","","","",""
"10566","TE","Kevin","Brock","0.3","14","4500","NO@ARI","NO","ARI","IR","","",""
"25886","WR","Devin","Street","0.2","16","4500","NYG@DAL","DAL","NYG","","","",""
"6684","WR","Jacoby","Jones","1.3","16","4500","DET@SD","SD","DET","","","",""
"62781","RB","Keshawn","Hill","0","0","4500","KC@HOU","KC","HOU","","","",""
"45562","RB","Paul","Lasike","0","0","4500","NO@ARI","ARI","NO","","","",""
"22080","TE","Taylor","Thompson","1.1","3","4500","TEN@TB","TEN","TB","","","",""
"29730","RB","Lee","Ward","0","0","4500","CAR@JAC","CAR","JAC","","","",""
"22108","RB","Vick","Ballard","0","0","4500","IND@BUF","IND","BUF","Q","Hamstring","",""
"6660","RB","Donald","Brown","4.5","13","4500","DET@SD","SD","DET","","","",""
"22105","WR","Juron","Criner","0","0","4500","NYG@DAL","NYG","DAL","","","",""
"12533","D","Green Bay","Packers","0","0","4500","GB@CHI","GB","CHI","","","",""
"6669","RB","Maurice","Jones-Drew","1.9","12","4500","CAR@JAC","JAC","CAR","","","",""
"62764","TE","Earnest","Pettway","0","0","4500","KC@HOU","KC","HOU","","","",""
"22103","WR","Marvin","Jones","0","0","4500","CIN@OAK","CIN","OAK","","","",""
"12534","D","Tennessee","Titans","0","0","4500","TEN@TB","TEN","TB","","","",""
"37768","RB","Austin","Johnson","1.5","7","4500","NO@ARI","NO","ARI","","","",""
"22123","TE","James","Hanna","0.4","16","4500","NYG@DAL","DAL","NYG","P","Knee","",""
"14430","TE","David","Ausberry","0.4","6","4500","DET@SD","DET","SD","","","",""
"39716","WR","Adam","Thielen","1.5","16","4500","MIN@SF","MIN","SF","","","",""
"22116","RB","Cyrus","Gray","1","9","4500","KC@HOU","KC","HOU","","","",""
"14406","RB","Bruce","Miller","2.4","16","4500","MIN@SF","SF","MIN","","","",""
"6694","WR","Joshua","Cribbs","1.4","6","4500","IND@BUF","IND","BUF","","","",""
"29725","TE","Levine","Toilolo","3.1","16","4500","PHI@ATL","ATL","PHI","","","",""
"28095","RB","Thomas","Rawls","0","0","4500","SEA@STL","SEA","STL","","","",""
"14411","TE","Ryan","Taylor","0","13","4500","KC@HOU","KC","HOU","","","",""
"60576","RB","Corey","Knox","0","0","4500","IND@BUF","BUF","IND","","","",""
"29805","RB","Ryan","Hewitt","0.9","16","4500","CIN@OAK","CIN","OAK","","","",""
"6742","TE","Brent","Celek","3.4","16","4500","PHI@ATL","PHI","ATL","","","",""
"22042","TE","Evan","Rodriguez","0","1","4500","TEN@TB","TB","TEN","","","",""
"22044","WR","Devon","Wylie","0","0","4500","CIN@OAK","OAK","CIN","","","",""
"14372","WR","Aldrick","Robinson","0.2","5","4500","BAL@DEN","BAL","DEN","","","",""
"33531","TE","Ben","Koyack","0","0","4500","CAR@JAC","JAC","CAR","","","",""
"60613","WR","Braylon","Bell","0","0","4500","MIA@WAS","WAS","MIA","","","",""
"28131","WR","Keith","Mumphery","0","0","4500","KC@HOU","HOU","KC","","","",""
"14355","TE","Niles","Paul","4.6","16","4500","MIA@WAS","WAS","MIA","IR","Ankle","",""
"10531","WR","Jordan","Norwood","0","0","4500","BAL@DEN","DEN","BAL","","","",""
"22063","WR","Keshawn","Martin","0.7","16","4500","KC@HOU","HOU","KC","","","",""
"14358","WR","Dwayne","Harris","0.7","16","4500","NYG@DAL","NYG","DAL","","","",""
"22051","TE","Orson","Charles","0","0","4500","NO@ARI","NO","ARI","","","",""
"6778","TE","Anthony","Fasano","3.9","15","4500","TEN@TB","TEN","TB","","","",""
"28137","WR","Tony","Lippett","0","0","4500","MIA@WAS","MIA","WAS","","","",""
"14361","TE","Richard","Gordon","0","5","4500","KC@HOU","KC","HOU","IR","Ankle","",""
"10542","RB","Jed","Collins","0.9","16","4500","NYG@DAL","DAL","NYG","","","",""
"6783","WR","Lance","Moore","2.9","14","4500","DET@SD","DET","SD","","","",""
"62784","K","Taylor","Pontius","0","0","4500","IND@BUF","IND","BUF","","","",""
"14338","WR","Denarius","Moore","1.6","10","4500","CIN@OAK","CIN","OAK","","","",""
"6753","WR","Andre","Caldwell","0.5","16","4500","BAL@DEN","DEN","BAL","","","",""
"14336","RB","Jacquizz","Rodgers","4.1","16","4500","GB@CHI","CHI","GB","","","",""
"28145","RB","Taiwan","Jones","0","0","4500","CLE@NYJ","NYJ","CLE","","","",""
"22067","TE","Adrien","Robinson","0.8","16","4500","NYG@DAL","NYG","DAL","","","",""
"14349","WR","Jeremy","Kerley","4.7","16","4500","CLE@NYJ","NYJ","CLE","Q","Concussion","",""
"14348","TE","Lee","Smith","1","14","4500","CIN@OAK","OAK","CIN","","","",""
"28157","WR","Bennie","Fowler","0","0","4500","BAL@DEN","DEN","BAL","","","",""
"22838","WR","Mike","Brown","2.1","5","4500","CAR@JAC","CAR","JAC","","","",""
"34125","WR","Geremy","Davis","0","0","4500","NYG@DAL","NYG","DAL","","","",""
"22786","WR","Lance","Lewis","0","0","4500","NO@ARI","NO","ARI","","","",""
"22800","RB","Derrick","Coleman","2","5","4500","SEA@STL","SEA","STL","","","",""
"29672","RB","Silas","Redd","1.9","15","4500","MIA@WAS","WAS","MIA","IR","Knee","",""
"34154","WR","Jamarcus","Nelson","0","0","4500","NO@ARI","ARI","NO","","","",""
"34071","WR","Nick","Williams","0","0","4500","PHI@ATL","ATL","PHI","","","",""
"27195","WR","Bud","Sasser","0","0","4500","SEA@STL","STL","SEA","","","",""
"34073","TE","Ryan","Griffin","1.3","16","4500","KC@HOU","HOU","KC","","","",""
"27199","RB","Marcus","Murphy","0","0","4500","NO@ARI","NO","ARI","","","",""
"34051","WR","Deshon","Foxx","0","0","4500","SEA@STL","SEA","STL","","","",""
"29583","TE","Randall","Telfer","0","0","4500","CLE@NYJ","CLE","NYJ","O","Foot","",""
"22849","RB","Cory","Harkey","1.1","16","4500","SEA@STL","STL","SEA","","","",""
"25223","TE","Jack","Tabb","0","0","4500","NO@ARI","NO","ARI","IR","","",""
"22959","WR","Deonte","Thompson","0","0","4500","IND@BUF","BUF","IND","IR","Undisclosed","",""
"27378","RB","Trey","Millard","0","0","4500","MIN@SF","SF","MIN","","","",""
"31703","TE","Malcolm","Johnson","0","0","4500","CLE@NYJ","CLE","NYJ","","","",""
"46767","TE","Je'Ron","Hamm","0","0","4500","MIA@WAS","WAS","MIA","","","",""
"22920","TE","Derek","Carrier","1.4","11","4500","MIA@WAS","WAS","MIA","","","",""
"14266","RB","Daniel","Thomas","4","12","4500","GB@CHI","CHI","GB","","","",""
"14265","WR","Austin","Pettis","4.8","5","4500","DET@SD","SD","DET","","","",""
"22912","WR","Julian","Talley","0","2","4500","NYG@DAL","NYG","DAL","","","",""
"29540","RB","Terron","Ward","0","0","4500","PHI@ATL","ATL","PHI","","","",""
"46776","K","Justin","Manton","0","0","4500","BAL@DEN","BAL","DEN","","","",""
"22938","WR","Rod","Streater","6.3","3","4500","CIN@OAK","OAK","CIN","","","",""
"27338","RB","Rex","Burkhead","1.9","9","4500","CIN@OAK","CIN","OAK","","","",""
"34278","TE","Justin","Tukes","0","0","4500","PHI@ATL","PHI","ATL","","","",""
"55536","WR","Tyler","McDonald","0","0","4500","MIA@WAS","MIA","WAS","","","",""
"44897","TE","Casey","Pierce","0","0","4500","DET@SD","DET","SD","","","",""
"23023","TE","Cooper","Helfet","3.7","10","4500","SEA@STL","SEA","STL","P","Ribs","",""
"25127","WR","Nigel","King","0","0","4500","MIN@SF","SF","MIN","","","",""
"14297","WR","Greg","Salas","2.9","10","4500","DET@SD","DET","SD","IR","Knee","",""
"14298","WR","Edmond","Gates","0","0","4500","NYG@DAL","DAL","NYG","","","",""
"11890","WR","Bryan","Walters","0.7","13","4500","CAR@JAC","JAC","CAR","","","",""
"11895","TE","Steve","Maneri","0","1","4500","CLE@NYJ","NYJ","CLE","","","",""
"14302","WR","Kris","Durham","2.1","4","4500","CIN@OAK","OAK","CIN","","","",""
"39970","K","Jordan","Gay","0","16","4500","IND@BUF","BUF","IND","","","",""
"14277","WR","Vincent","Brown","2.5","7","4500","IND@BUF","IND","BUF","","","",""
"29449","WR","Ryan","Murphy","0","0","4500","SEA@STL","SEA","STL","","","",""
"14283","WR","Leonard","Hankerson","0.5","1","4500","PHI@ATL","ATL","PHI","","","",""
"34234","RB","Darrin","Reaves","2.2","6","4500","KC@HOU","KC","HOU","","","",""
"14327","RB","Anthony","Sherman","1.2","16","4500","KC@HOU","KC","HOU","","","",""
"11871","RB","Richie","Brockel","0","4","4500","CAR@JAC","CAR","JAC","P","Shoulder","",""
"11870","WR","Seyi","Ajirotutu","0.4","16","4500","PHI@ATL","PHI","ATL","","","",""
"22991","RB","Jonathan","Grimes","1.7","16","4500","KC@HOU","HOU","KC","","","",""
"34224","TE","Kennard","Backman","0","0","4500","GB@CHI","GB","CHI","","","",""
"23003","TE","Phillip","Supernaw","0.6","8","4500","TEN@TB","TEN","TB","","","",""
"60305","WR","Douglas","McNeil","0","0","4500","SEA@STL","SEA","STL","","","",""
"14304","TE","Luke","Stocker","0.6","13","4500","TEN@TB","TB","TEN","","","",""
"29477","TE","Connor","Hamlett","0","0","4500","CAR@JAC","JAC","CAR","","","",""
"14315","WR","Tandon","Doss","0","0","4500","CAR@JAC","JAC","CAR","","","",""
"7443","TE","Dante","Rosario","1.2","16","4500","GB@CHI","CHI","GB","","","",""
"27266","WR","Quincy","Enunwa","0","1","4500","CLE@NYJ","NYJ","CLE","","","",""
"12199","WR","Andy","Tanner","0","0","4500","NO@ARI","NO","ARI","","","",""
"31322","WR","Emory","Blake","0","0","4500","SEA@STL","STL","SEA","","","",""
"31321","RB","Jay","Prosch","0.2","16","4500","KC@HOU","HOU","KC","","","",""
"7394","TE","Brandon","Pettigrew","0.9","14","4500","DET@SD","DET","SD","","","",""
"31348","RB","J.C.","Copeland","0","0","4500","CLE@NYJ","NYJ","CLE","","","",""
"25561","WR","Michael","Campanaro","4.9","4","4500","BAL@DEN","BAL","DEN","P","Leg","",""
"31346","RB","Connor","Neighbors","0","0","4500","TEN@TB","TEN","TB","IR","","",""
"25554","RB","Nikita","Whitlock","0","0","4500","NYG@DAL","NYG","DAL","","","",""
"31333","RB","Kenny","Hilliard","0","0","4500","KC@HOU","HOU","KC","","","",""
"44686","RB","Zurlon","Tipton","2.9","6","4500","IND@BUF","IND","BUF","","","",""
"31329","WR","Russell","Shepard","0.5","16","4500","TEN@TB","TB","TEN","","","",""
"44678","WR","Titus","Davis","0","0","4500","DET@SD","SD","DET","","","",""
"25513","WR","Darius","Jennings","0","0","4500","CLE@NYJ","CLE","NYJ","","","",""
"29340","WR","Josh","Huff","1.5","12","4500","PHI@ATL","PHI","ATL","","","",""
"29357","RB","Kenjon","Barner","0","0","4500","PHI@ATL","PHI","ATL","","","",""
"27403","TE","Blake","Bell","0","0","4500","MIN@SF","SF","MIN","","","",""
"27404","WR","Justin","Brown","1.7","8","4500","IND@BUF","BUF","IND","","","",""
"27411","RB","Aaron","Ripkowski","0","0","4500","GB@CHI","GB","CHI","","","",""
"31269","RB","Corey","Grant","0","0","4500","CAR@JAC","JAC","CAR","","","",""
"40296","WR","Damond","Powell","0","0","4500","NO@ARI","ARI","NO","O","Face","",""
"31435","TE","Nic","Jacobs","0.7","13","4500","CAR@JAC","JAC","CAR","","","",""
"44560","TE","Alex","Bayer","0","6","4500","SEA@STL","STL","SEA","","","",""
"7244","RB","John","Kuhn","1.2","16","4500","GB@CHI","GB","CHI","","","",""
"12055","TE","Logan","Paulsen","1.1","16","4500","MIA@WAS","WAS","MIA","IR","Toe","",""
"38338","WR","Jonathon","Rumph","0","0","4500","CLE@NYJ","NYJ","CLE","","","",""
"31459","RB","Spencer","Ware","0","0","4500","KC@HOU","KC","HOU","","","",""
"7222","WR","James","Jones","8.6","16","4500","NYG@DAL","NYG","DAL","","","",""
"22762","WR","Chris","Owusu","3.1","8","4500","CLE@NYJ","NYJ","CLE","","","",""
"22763","WR","Nathan","Palmer","0","0","4500","BAL@DEN","DEN","BAL","","","",""
"22765","K","Giorgio","Tavecchio","0","0","4500","CIN@OAK","OAK","CIN","","","",""
"22754","TE","Garrett","Celek","2.1","3","4500","MIN@SF","SF","MIN","","","",""
"31417","WR","James","Wright","1.3","11","4500","CIN@OAK","CIN","OAK","IR","Knee","",""
"31419","RB","Terrence","Magee","0","0","4500","BAL@DEN","BAL","DEN","","","",""
"38301","TE","Darren","Fells","1","10","4500","NO@ARI","ARI","NO","","","",""
"33981","TE","Eric","Frohnapfel","0","0","4500","DET@SD","SD","DET","","","",""
"27536","WR","Josh","Stewart","0","0","4500","TEN@TB","TEN","TB","","","",""
"26715","WR","Josh","Lenz","0","0","4500","CLE@NYJ","CLE","NYJ","","","",""
"44422","RB","Jahwan","Edwards","0","0","4500","DET@SD","SD","DET","","","",""
"31093","WR","Javontee","Herndon","0","0","4500","DET@SD","SD","DET","","","",""
"24812","WR","Rodney","Smith","0","4","4500","CLE@NYJ","CLE","NYJ","","","",""
"31049","WR","Christion","Jones","0","0","4500","MIA@WAS","MIA","WAS","","","",""
"24803","RB","James","Wilder Jr.","0","0","4500","CIN@OAK","CIN","OAK","","","",""
"31052","TE","Brian","Vogler","0","0","4500","GB@CHI","CHI","GB","","","",""
"24817","TE","Nick","O'Leary","0","0","4500","IND@BUF","BUF","IND","","","",""
"38523","TE","Geoff","Swaim","0","0","4500","NYG@DAL","DAL","NYG","","","",""
"36772","WR","Corbin","Louks","0","0","4500","BAL@DEN","DEN","BAL","","","",""
"26652","TE","Nick","Kasa","0","0","4500","CIN@OAK","OAK","CIN","","","",""
"29108","RB","Marion","Grice","1.7","10","4500","NO@ARI","ARI","NO","O","Shoulder","",""
"46199","WR","Colin","Lockett","0","0","4500","MIA@WAS","WAS","MIA","","","",""
"11457","WR","Arrelious","Benn","0","0","4500","CAR@JAC","JAC","CAR","IR","Collarbone","",""
"31036","WR","Kevin","Norwood","1.6","9","4500","CAR@JAC","CAR","JAC","","","",""
"29084","WR","Rashad","Ross","0","2","4500","MIA@WAS","WAS","MIA","","","",""
"11504","WR","Andre","Roberts","4.6","16","4500","MIA@WAS","WAS","MIA","","","",""
"48344","WR","Albert","Wilson","2.8","12","4500","KC@HOU","KC","HOU","P","Shoulder","",""
"30990","RB","Jalston","Fowler","0","0","4500","TEN@TB","TEN","TB","","","",""
"11492","WR","Damian","Williams","0.6","3","4500","SEA@STL","STL","SEA","","","",""
"29061","WR","Tyler","Slavin","0","0","4500","SEA@STL","STL","SEA","","","",""
"15838","TE","Erik","Swoope","0","0","4500","IND@BUF","IND","BUF","","","",""
"24755","WR","Jamison","Crowder","0","0","4500","MIA@WAS","WAS","MIA","","","",""
"52130","K","Patrick","Murray","6.7","16","4500","TEN@TB","TB","TEN","IR","Knee","",""
"26834","WR","Andrew","Turzilli","0","0","4500","TEN@TB","TEN","TB","IR","","",""
"31207","TE","C.J.","Uzomah","0","0","4500","CIN@OAK","CIN","OAK","","","",""
"29053","WR","Austin","Hill","0","0","4500","CLE@NYJ","NYJ","CLE","","","",""
"38617","WR","Deon","Long","0","0","4500","TEN@TB","TEN","TB","","","",""
"46270","WR","Ezell","Ruffin","0","0","4500","IND@BUF","IND","BUF","","","",""
"24671","WR","Adam","Humphries","0","0","4500","TEN@TB","TB","TEN","","","",""
"31179","WR","Demetrius","Wilson","0","0","4500","DET@SD","SD","DET","","","",""
"8050","TE","Zach","Miller","0","0","4500","GB@CHI","CHI","GB","","","",""
"31188","TE","Chris","Gragg","1.4","10","4500","IND@BUF","BUF","IND","","","",""
"48224","TE","Wes","Saxton","0","0","4500","CLE@NYJ","NYJ","CLE","","","",""
"31157","WR","Cobi","Hamilton","0","0","4500","MIA@WAS","MIA","WAS","","","",""
"31118","RB","Kiero","Small","0","3","4500","BAL@DEN","BAL","DEN","","","",""
"31109","K","Zach","Hocker","0","0","4500","NO@ARI","NO","ARI","","","",""
"24622","WR","Daniel","Rodriguez","0","0","4500","SEA@STL","STL","SEA","","","",""
"28933","WR","Jared","Abbrederis","0","0","4500","GB@CHI","GB","CHI","","","",""
"11648","TE","Jim","Dray","2.4","16","4500","CLE@NYJ","CLE","NYJ","","","",""
"25052","RB","Zach","Laskey","0","0","4500","SEA@STL","STL","SEA","","","",""
"46368","WR","Robert","Herron","1.9","8","4500","TEN@TB","TB","TEN","","","",""
"23042","TE","Jamie","Childers","0","0","4500","CAR@JAC","CAR","JAC","","","",""
"57556","TE","Jerome","Cunningham","0","0","4500","NYG@DAL","NYG","DAL","","","",""
"11671","RB","Erik","Lorig","1.2","10","4500","NO@ARI","NO","ARI","","","",""
"23046","RB","Jamize","Olawale","1","16","4500","CIN@OAK","OAK","CIN","","","",""
"23055","TE","Brandon","Bostick","0.6","13","4500","MIN@SF","MIN","SF","","","",""
"7922","RB","Shonn","Greene","3.9","13","4500","TEN@TB","TEN","TB","","","",""
"30805","K","Michael","Palardy","0","0","4500","SEA@STL","STL","SEA","","","",""
"34377","TE","Mike","McFarland","0","0","4500","KC@HOU","HOU","KC","IR","Foot","",""
"51735","WR","Fred","Williams","0","0","4500","KC@HOU","KC","HOU","","","",""
"26998","WR","Marquez","Clark","0","0","4500","PHI@ATL","ATL","PHI","","","",""
"30790","RB","Rajion","Neal","0","0","4500","GB@CHI","GB","CHI","","","",""
"23076","RB","Jorvorskie","Lane","0.7","9","4500","TEN@TB","TB","TEN","","","",""
"7918","TE","Matthew","Mulligan","0","4","4500","IND@BUF","BUF","IND","","","",""
"24985","RB","Synjyn","Days","0","0","4500","NYG@DAL","DAL","NYG","","","",""
"11723","WR","Marlon","Moore","0.8","13","4500","CLE@NYJ","CLE","NYJ","Q","Ribs","",""
"28850","WR","Manasseh","Garner","0","0","4500","CLE@NYJ","CLE","NYJ","","","",""
"28815","RB","Akeem","Hunt","0","0","4500","NYG@DAL","NYG","DAL","IR","Hamstring","",""
"28807","TE","Gabe","Holmes","0","0","4500","CIN@OAK","OAK","CIN","","","",""
"25011","WR","Darren","Waller","0","0","4500","BAL@DEN","BAL","DEN","","","",""
"26934","RB","Toben","Opurum","0","0","4500","NO@ARI","NO","ARI","","","",""
"59424","TE","Taylor","Sloat","0","0","4500","TEN@TB","TB","TEN","","","",""
"11522","WR","Marcus","Easley","0","10","4500","IND@BUF","BUF","IND","","","",""
"24923","WR","Jarred","Haggins","0","0","4500","DET@SD","DET","SD","","","",""
"11525","WR","Jacoby","Ford","0","0","4500","TEN@TB","TEN","TB","","","",""
"27096","WR","Marcus","Lucas","0","0","4500","CAR@JAC","CAR","JAC","","","",""
"27090","WR","Jimmie","Hunt","0","0","4500","GB@CHI","GB","CHI","","","",""
"24907","RB","Karlos","Williams","0","0","4500","IND@BUF","BUF","IND","P","Undisclosed","",""
"11543","TE","Clay","Harbor","3.7","13","4500","CAR@JAC","JAC","CAR","P","Ankle","",""
"7801","TE","Brandon","Myers","2.1","14","4500","TEN@TB","TB","TEN","","","",""
"19342","TE","Demetrius","Harris","0.4","8","4500","KC@HOU","KC","HOU","","","",""
"44090","RB","Alonzo","Harris","0","0","4500","GB@CHI","GB","CHI","","","",""
"28744","RB","Raheem","Mostert","0","0","4500","PHI@ATL","PHI","ATL","","","",""
"11557","RB","John","Conner","1","12","4500","IND@BUF","BUF","IND","","","",""
"57348","RB","Glenn","Winston","0","5","4500","CLE@NYJ","CLE","NYJ","O","Knee","",""
"7703","WR","Jerome","Simpson","0","0","4500","MIN@SF","SF","MIN","O","Suspension","",""
"24862","WR","Rashad","Greene","0","0","4500","CAR@JAC","JAC","CAR","","","",""
"11584","WR","Carlton","Mitchell","0","0","4500","PHI@ATL","ATL","PHI","","","",""
"28720","TE","Justin","Sinz","0","0","4500","IND@BUF","IND","BUF","","","",""
"28721","RB","Brandon","Cottom","0","0","4500","SEA@STL","SEA","STL","","","",""
"11604","TE","Anthony","McCoy","0","0","4500","SEA@STL","SEA","STL","","","",""
"24847","TE","Will","Tye","0","0","4500","NYG@DAL","NYG","DAL","","","",""
"30883","K","Carey","Spear","0","0","4500","CLE@NYJ","CLE","NYJ","","","",""
"11629","WR","Kyle","Williams","0","0","4500","BAL@DEN","DEN","BAL","IR","Achilles","",""
"11622","WR","Trindon","Holliday","1.7","2","4500","CIN@OAK","OAK","CIN","","","",""
"7718","RB","Cedric","Peerman","0.5","16","4500","CIN@OAK","CIN","OAK","","","",""
"11638","TE","Mickey","Shuler","0","3","4500","PHI@ATL","ATL","PHI","","","",""
"11635","WR","Marc","Mariani","0.9","6","4500","GB@CHI","CHI","GB","","","",""
"12544","D","New York","Jets","0","0","4400","CLE@NYJ","NYJ","CLE","","","",""
"12540","D","Minnesota","Vikings","0","0","4400","MIN@SF","MIN","SF","","","",""
"12545","D","Philadelphia","Eagles","0","0","4300","PHI@ATL","PHI","ATL","","","",""
"12546","D","Arizona","Cardinals","0","0","4300","NO@ARI","ARI","NO","","","",""
"12536","D","Kansas City","Chiefs","0","0","4300","KC@HOU","KC","HOU","","","",""
"12538","D","St Louis","Rams","0","0","4300","SEA@STL","STL","SEA","","","",""
"12532","D","Detroit","Lions","0","0","4300","DET@SD","DET","SD","","","",""
"12535","D","Indianapolis","Colts","0","0","4300","IND@BUF","IND","BUF","","","",""
"12548","D","San Diego","Chargers","0","0","4200","DET@SD","SD","DET","","","",""
"12554","D","Jacksonville","Jaguars","0","0","4200","CAR@JAC","JAC","CAR","","","",""
"12531","D","Denver","Broncos","0","0","4200","BAL@DEN","DEN","BAL","","","",""
"12530","D","Dallas","Cowboys","0","0","4200","NYG@DAL","DAL","NYG","","","",""
"12552","D","Washington","Redskins","0","0","4100","MIA@WAS","WAS","MIA","","","",""
"12555","D","Baltimore","Ravens","0","0","4100","BAL@DEN","BAL","DEN","","","",""
"12525","D","Atlanta","Falcons","0","0","4100","PHI@ATL","ATL","PHI","","","",""
"12543","D","New York","Giants","0","0","4100","NYG@DAL","NYG","DAL","","","",""
"12542","D","New Orleans","Saints","0","0","4100","NO@ARI","NO","ARI","","","",""
"12527","D","Chicago","Bears","0","0","4000","GB@CHI","CHI","GB","","","",""
"12537","D","Oakland","Raiders","0","0","4000","CIN@OAK","OAK","CIN","","","",""